id,slug
ead3c832-83ac-4764-9572-fa077e0e268a,abass-agboworin
795f61ce-409f-445a-bfac-01657f7d1b35,abbdul-kadril
b2a7f72a-9ecf-4263-83f1-cb0f8783053c,abdukadir-rahis
b25d4b6f-f2a3-449c-b117-61bb2431f978,abdul-yakubu-shehu
7ed43dcb-3a3d-452b-a6be-6e941ec9563c,abdulahhi-hassan
808db956-d96a-4034-a826-32b998b01059,abdulganiyu-cook-olododo
138a0c5c-4c65-4589-af39-00afa6f14455,abdulkarim-usman
b260feda-9502-4a49-9d70-b79e46d99351,abdullahi-garba
0f7667ab-c4c8-4026-bd3d-510724d21495,abdullahi-lado-abubakar
0a43279f-4250-4e35-91d7-b6bcb4d62701,abdullahi-mahmud-gaya
a84eae66-557e-460d-b648-ab7fb5774484,abdullahi-umar-kamba
dfeacf04-9bd5-4f12-8440-2cb91b58ac9a,abdulmumin-jibrin
ed99aba9-a870-48f5-a361-9402fce8d114,abdulmumin-muhammed
da0e75c4-2508-4159-9507-9dd3345e579f,abdulrauf-modibbo
8643dbb1-57e4-4c5a-a34d-dcc76eb18a0c,abdulrazak-namdas
8138cfe8-94d2-44cd-a82c-761002e91aa1,abdulyekeen-alajagusi
58a2855c-7b99-4837-b234-deed1fc2404a,abubakar-dahiru
42e1161b-b7b5-48c3-b63c-6f5f0c88cd84,abubakar-faggo-kani
437da0e2-a10e-45b2-9448-ae224cd046f1,abubakar-hassan
a13b0d31-cad2-49fa-9173-ee030984aca3,abubakar-hassan-bala-iii
7df18781-b1cf-469f-90f0-9f91ccd943d8,abubakar-muhammed
18aeeec7-7a37-4eef-9941-ac43134e6bbc,abubakar-yahaya-kusada
e05c5249-ab7a-4938-8e26-8270eb47f466,abubakar-yalleman
bc68f36a-5559-4fd2-b426-b846d6bdb347,abubakar-yerima
a4683308-694e-4907-8eca-a6a968d9f3b8,adamu-muhammadu
125951b9-0626-428a-81d7-8111846cb5bf,adejare-samuel
fbcb84b1-363f-4141-90b9-44f87054554c,adejoro-adeogun
dbbb2782-d52b-4594-8150-d98f73ad776e,adekoya-adesegun
5cd51995-f612-49bb-9f5d-7f12199adc7d,adelegbe-timileyin
77e887ac-e9d6-46e6-8005-3b868b191617,alhassan-ado-garba
96e27d03-5157-4b6b-ae04-467aedf6901e,ado-kiri
b63eb312-a5d0-4501-9e89-0e519925e871,afolabi-rasheed-olalekan
868498bd-2a23-4477-96b9-17bf0dbf96ae,agom-jarigbe
d7888095-577c-48af-861c-92b950bda302,ahehu-aliyu-a
98d81f49-2256-4907-964a-017508bec6e2,ahmad-abdulahhi
83488dec-f6da-431b-99d6-0c56051a59d1,ahmad-dayyabu-safana
393b46c8-eaae-45b4-835d-14c242b4cea6,ahmadu-jaha
47811131-4d55-4609-99a1-4b3c5dcf59ce,ahmed-bakura
6d39bb96-cdc2-4677-8164-4a4fc291bc3a,ahmed-idris-maje
85961c95-a6e5-4548-a875-5f5fb64cb639,ahmed-ndakenne
2c3b9de0-5e21-45d1-a281-c6eb0a0ad0a7,aishatu-dukku
a038a9a0-3752-40cd-80ab-0cb42be9c973,aisowieren-patrick
eb6c27a4-abfb-4cf4-b7f9-aa2d6261fee4,ajao-jacob-adejumo
0f93dd6c-d946-410c-91f0-4e95c4e635ce,ajibola-saubana
e237a916-3cae-4ae6-8e99-c282ee41eda4,ajilesoro-abimbola
5930bf13-221b-4b11-90ae-154cabd61af8,akeem-adeyemi
8e65e183-9e14-4029-b68b-4fa8a35d6179,akinfolarin-mayowa
6ed88387-3037-4f93-8ccb-b75334ced32a,akinola-adekunle-alabi
ef5d8008-d497-4de5-a69d-9ca8c8ffb7fb,akintola-oluokun-goeorge
cc6f6839-f704-4d4e-95f5-7194daa9473e,akiolu-moshood
a526c57d-09d5-4230-97fd-f1cf98b359dc,jerry-alagbaso
1838da97-8608-439a-a464-8aeb2c88dd3a,alhaji-fatihu-muhammed
ac7576bc-f405-43e5-9bd3-c5cbc3a3ab90,alhaji-hassan-sokodabo
4d5ff48b-4f77-4c57-a325-111fe54ed351,ali-abdullahi-ibrahim
daf17dab-da45-4d59-96a0-7724575ba78f,ali-adeyemiyusuf
9cb0fa3f-13da-4444-b571-a38a4e0c4524,aliyu-betara-muktar
325bd2e4-47f0-4f59-a49f-1aefc63074fa,aliyu-ibrahim
81b4c2c8-42cf-440a-930e-dbd3942db674,amadu-usman
3b78b18c-75cd-486f-905b-ee1291ff95c5,aminu-ashiru
98615618-8f3a-4f5a-899a-9dd1275d9114,malle-ibrahim-aminu
6849db26-474d-46f1-8bc1-6c29e542d364,aminu-suleiman
bac204cb-8587-4fce-adc8-8ca860aa5736,amirudinn-tukur
9f46c1a1-2750-41d1-a649-c0f1a04a0251,aniekan-john
4af344ed-9c6e-4cb4-8976-1e1ae0652cf0,armayau-abdulkadir
4ed9bbb2-f088-47ea-9320-6a09b91125bb,asadu-patrick-oziokoja
e8f3081e-2f66-408f-bc0b-7bb9f4d93ba7,awaji-inombek-abiante
4249a8e9-86e2-4019-a2d7-8a4d77462683,ayika-valentine
e5c64ded-fbca-42d0-903e-44618f4964bf,babajimi-benson
21dca5ec-f427-4241-80fe-ca4c1d5701b9,babangida-alhassan-yakudima
bfacc136-b4e0-4021-9c71-5ab1dc45dd74,ibrahim-babangida
66f6fec5-d6fc-4e5c-9b69-99165a20fc74,babatunde-hunpe
75824414-7ee6-48d5-bfe5-03e809eb3c7a,badamasi-ayuba
516b8398-9b33-473c-aaca-9526f8c32ecb,balarbe-salam
a3c471d3-ec8f-4d34-9144-05859cf1545b,balogun-adebayo
598edd67-ac85-4fa6-a1ed-dd22136f543d,bamisile-olufemi-richard
1e7cd05c-9a4c-4488-89c2-c0199f64abab,barwa-shehu
d8d33dee-3dea-44a4-aacd-914993bb9fd5,bashher-isah
2c83eb76-563a-423d-ae96-7dca8f580854,bauchi-yaya
3abe9284-eb8d-473c-b002-4bb18139386b,bello-hassan-shinkafi
ed99cd96-6b23-4cd5-bc11-968895074e04,bello-joseph-asuku
08a57a7a-81d4-4e79-9d0c-ce6e0eb86327,bello-kaoje
fa61b379-d04a-4b5c-a8f8-a48ccc6a951f,bello-usman
e2f9eb78-2719-4eed-a2cf-1f88ef447eb5,ben-igbakpa
59ca73d9-1f43-46c4-9069-498c5cfeed0a,beni-lar
9aabd3a5-41c5-41ed-b3f5-f9510e998afc,benjamin-bem
20bbabba-e961-407b-a305-246d0f44ff13,benjamin-kalu
29f1529a-85cc-4670-a068-2977801959f1,blessing-onuh
7b93348e-4294-43a1-a6b2-5f32e478ad38,bolaji-ayinla
52dcce3e-2e55-4787-baea-bd99df917e91,chawai-muktar
e640492d-54e1-4bb2-8779-472fc4877b24,chinda-kingsley
dd07dfc7-2278-4d1a-a358-c683e932b6c7,chinedu-obidigwe
a23dc281-cc30-47a3-8b34-c23efd1ee7fe,chinedu-ogah
57ee5de1-0bfa-4d19-afd2-616fc1bdc142,chinyere-igwe
95ecc5b3-2e19-4487-afe9-a3634756eec7,chisom-dike
bd3ce3b6-9eb9-46a1-baf2-503e6f6a4858,chris-azubuogu
e48fa637-1ddc-45e4-acaa-21a14127a330,chu-chu-onyema
8cff447f-731f-4f06-9b5c-501bbc5e96ee,chukwu-egbo-ofor-gregory
2112408c-3908-409b-826a-52fa59654163,chukwuma-nwazunku
5e2606cd-b5f2-4ee3-8b21-1df1da1946f4,cornelius-nnaji
a89293ca-bd79-4d63-9c76-7fce11858fe3,dachung-musa
7a4431bb-9608-4753-8d11-809a65480930,dagogo-doctor-farah
692c14c1-07cd-4bc7-bb09-0ade6b2b2f57,danladi-baidu
c559cabf-04e8-468f-bc84-c3d52daf0e69,darlington-nwokocha
2c2ee457-759b-418f-9066-0692b0bc7549,david-abel
b1014d95-d77c-4c2f-853d-10a02b4d0a15,david-zachariah
31426ea1-af14-4992-a00e-6f0b4b426ba2,dawodu-bashiru
a1fde7e8-6b68-4e69-9b87-f6d12b26cf88,dennis-amadi
7967e11f-6c84-4f6e-a68b-c52e73baba22,dennis-idahosa
d3557568-295b-48c2-8d9f-7d6b0753a48a,yakubu-dogara
d39097f2-23b2-4ba0-90cd-9fd753a023c3,dumnamen-dekor
d7d9a7f3-972a-4ceb-9c97-a8787b86a673,edim-ata
7446df85-7895-4c1e-8431-28b8cf83f523,edwin-anayo
dce0a679-44be-4495-af22-1419b4f3b933,efe-afe
e708ad4d-7700-4557-a9bf-d832c0c3893a,daniel-effiong-asuquo
e680ec64-cd08-429b-8c48-9e2d2e7b2e60,egberongbe
4028a047-8154-4390-97c2-aba3c778d95c,egboma-alex
ff5b5a16-9243-4cc0-83fc-b4c97f44ce63,eke-bede
a8c1125c-30a1-4faf-82a9-12c1eb3922db,ekong-nsikak
395c7580-4078-44c5-98cd-445a371e1ffe,ekpenyong-nse
3772809b-716e-4b1b-a2c7-35f4c421f9a6,emeka-chimeziewas
fc9ddfb6-4ed4-4faf-bd1d-9da1572c56c5,emerengwa-boniface-sunday
b38be7cc-f229-4041-924c-7a6eb8cb0708,emmanuel-ukpong
89a9b077-29cd-49e2-a619-225c933d0d01,engr-abubakar-k-yusif
57dea5d6-8303-4bed-aa7f-9921165e4a0f,engr-magaji
74b1390d-39d3-4ce1-9ef4-8f7e7641d0df,enitan-badru
e0007b25-7ab3-48d6-9c62-d488a3998353,ephraim-nwuzi
b0e939a5-5889-4b76-b39d-21d1e21c937e,essien-ekpeyong-ayi
d1380eb2-87ec-46da-99df-27b2223e2a04,julius-olufemi-fakeye
765d47ff-a659-4faa-9fc7-d641fee30ac5,femi-gbajabiamila
b32bbfd7-7e44-45e3-b1e1-fb5cff750021,francis-charles-udoyor
c357c5ab-7621-4ae9-8cc2-72f1e8fb1ce1,francis-ottah-agbo
4aa3a1f8-6788-4acd-ab49-7108b92b187a,fred-agbedi
c30c00dc-f1c5-44f6-b42b-99be55b03589,fulata-abubakar
ad18391e-af84-43e2-8750-ce901a0a0924,gabriel-zock
f9d5e1e4-624d-4346-bda6-1be25337de08,ganiyu-abiodun
ba282346-4ec2-4712-9d47-d463d46da0f9,garba-datti-muhammad
b4b79722-4852-44ff-b485-762e83bf82df,garba-gololo
8ff5f0af-eaec-4e24-8896-eb41afbb9bd8,garba-hamman
75c372c3-d0ca-4286-92fc-c8cbad4acf58,garba-mohd-butalawa
e62ad765-bebf-4952-9814-629be886ceea,gaza-jonathan
d652233c-6c69-4d96-b270-3d8978731937,gibeon-goroki
68ad0d36-e750-4486-83b0-f887cc360c78,gideon-gwani
444cb260-f249-491e-86b4-716674892156,godday-samuel-ogagboyi
3d6ebde0-c55f-46eb-ad06-11cd39126915,gogo-bright-tamuno
66ac015c-1897-46e5-965d-1490ceed9800,goodhead-boma
d789bb2b-4644-4e01-b43d-6782a3882b9a,hafiz-kawu
ad7471c7-5a62-4b40-9461-8a7a7677fad1,hamed-muktar
d2f70c65-4dce-471f-901d-9153680fe7cc,hamisu-ibrahim
56a661b6-97b7-4803-870a-52c7b452245e,hamza-dalhatu
75f1298c-949d-41db-bdb3-ede6a5855e7e,hamza-ibrahim
51b17717-89bb-4fe5-b5c3-264cc4a2c623,haruna-isah-dederi
92ceea66-c686-40a2-846b-00a649c58f9f,haruna-mshelia
946deeec-db1f-46b5-9769-f894f5a2b870,hassan-yuguda
284c5ab4-af02-4a34-9e3d-23f8f53964a0,hembe-herman-iorwase
19333d94-5d10-4cb4-b94a-f919d6e090fa,henry-archibong
e5360427-1eee-4606-ada6-89ca337d3780,henry-nwawuba
e214e2b1-4555-4b24-8e0e-20756b28c34b,ibrahim-isiaka
c854f454-0a5c-4db0-b496-5baa6c7004bd,ibrahim-lawan
7bd2a315-5a9f-495b-a766-d534c429a0da,ibrahim-mabdullahi
9d55d114-a87b-48b4-bf64-bfc1e8da8dc0,ibrahim-shaaban-sharada
aa5db858-182d-4c7d-b9be-e81bfc57d204,ibrahim-umar
ec925d92-5d97-477c-8b2a-c49064e7ffdc,idagbo-ochiglegoor
8cc24ea0-7960-424e-b6c7-2f886057b775,idirisu-lawal-muhammadu
54898789-b7ed-4933-ad91-f26aae2cef42,iduma-igariwey
cb08398d-5d6e-44fa-abae-2207a19a52a4,ikengboju-gboluga
a55f6aa6-a537-4d8e-ac66-a030d49ddc9d,ikenna-elezianya
94c7f532-97bf-411b-ba64-7a4cc612b97b,irom-micheal
088dc3b4-e041-4ba2-a8be-ac9fe557e4c2,haruna-isah
b7267148-7b01-436a-bee2-3c754204918c,israel-goli
4082d3f3-a36e-4ae4-bd6d-f5f053e7a5c9,jafaru-muhammed
0116052b-c1a1-4053-89b2-a255e56f976d,james-abiodun-faleke
11b0606e-4b96-4228-9ee4-c78b653283c0,jimoh-jide-abdul
4f897ab1-e2e7-43a8-9ea9-d2b502cd10bf,jimoh-ojugbele
9cc34389-f391-42d9-b517-6722295afa64,jimoh-olaifa
40b6599d-8fcc-493d-aa1a-426581d49a40,john-dyegh
0e6c09f3-3b92-4bf4-9163-3175f142bbd8,johnson-oghuma
182dbeaa-91bb-4138-854a-e78f4cb44eaa,joseph-edionwole
4529351d-9ebf-4fc6-a1a9-54b7d4c338ec,jude-ise-idehen
af4fa3f9-3622-4b96-9c96-4a372d2cb7ef,julius-ihonvbere
2e89c133-7522-44b0-8808-a3ef1596265f,julius-pondi
b00403ed-02c3-4546-ae34-9612e8c86c5e,kabiru-alhassan-rurum
ac122878-de91-4c5e-83d2-616466ae8dd3,kabiru-amadu
30ff9c6e-b40c-4c4c-b1b4-93292d909609,kabiru-yahaya
c6115acd-13aa-4bd9-9fab-b2f0ab4dfed8,karu-elisha
b97f173d-2163-4f8a-9632-c857511ed427,kenneth-anayo-chikere
10412415-496c-41e8-9b7b-5bfec5e4e6f0,khadikja-bukar-ibrahim
dcc04e23-fd59-4c84-bea8-708a0a71cb72,kingsley-uju
538a9138-6404-418b-8860-5a554d99bd35,kokani-balla
5f91fdd0-b2a5-4b3e-b27f-a5f6a44d070d,kolawole-l-taiwo
b7524853-cd5a-4386-8682-d9a3e52e2878,kolawole-lawal
e2d842dd-2611-4252-92ed-8705a4983338,korede-osunsanya
dd1fb2a4-41cb-4011-b74b-f2abdc0fba1b,kpam-jimin
e713bb65-23a3-4c9f-85db-0a2e15f31f34,kuye-aliu
b0057850-1a94-4576-aa0f-ed300209bb12,kwamoti-laori
600df4cd-e2b0-42a1-b759-16f2c60f5086,lanre-edun
f59730dd-2d16-418c-828e-d41b17197b1c,lawal-kyan-kyan
52bb945b-2cfc-4182-9dbe-c13c00278893,lawrence-babatunde
6ef45c42-5422-4983-b22b-93a4638cb14f,lawwan-shetimma
316d0c81-0945-47d4-98fd-4698266e7672,leke-adejibe
9732b1be-0b73-4d5b-9106-ae55e5a55eb2,leonard-okuweh-ogor
53ca0ed2-5630-44c1-9645-159f6193da87,lere-suleiman-aliyu
1df05f2b-d521-4133-9b29-0c2a3edb58ac,longgap-komsol
f4452402-1021-4dfb-811e-e15196d25f42,lynda-ikpeazu
0d6f76cd-1b63-4608-b77f-a3000f07bfd3,maaruf-mai-sani
c8a97596-b88b-450a-b39a-484efc0d1abc,magaji-abubakar
36fa9fac-0aad-419e-b7ac-a6b69683b9ff,magaji-amos
2bb081df-6a09-4e39-a785-4a95ed5d59f7,maitala-haruna
d2b1a993-8c26-4118-92b2-f2e8f7cd44ee,makama-misau
f304b639-c291-4f5f-8b76-5d4fd1fdf583,makwe-livinus
592ef06d-3f36-4ee9-af26-946ce7ab9390,malam-mohammed-bio
003e0736-add0-4997-9444-94fac606bb95,mallam-gana
9e119fbc-702e-417d-8e5a-25e5c57109ef,mamudu-abdullahi
885688c5-b4f1-42d5-965d-d4dc836d56b1,mani-masiko
99096c3e-b1d1-48ba-84d5-f5e1391749b6,manniru-babba-danagundi
8da56b4d-0f29-4640-aee0-03eab6880c5c,mansur-mashi
d7e56ab0-17f1-47c7-8a5c-0711548c69b7,mansur-soro
93e50fab-06e9-4cf0-b24d-1af1141a06a1,mark-gbillah
59ce8e32-5621-4040-b455-0cc4b11ebe36,mela-victor
3433c601-d96d-42f5-ab4b-420b7546d242,micah-jiba
3d66c9cd-a1c0-42c0-b442-4d01539184e4,miohammed-saidu
86aae696-4a0c-4b9f-b43e-56253ce87c9f,mohammed-ali-wudil
b7ce7ac6-bb98-451f-bfb3-6b8688dbd615,mohammed-monguno
6894580b-4c33-487b-88cf-edf843d44d56,mohammed-sheu
e1ebf868-13ae-488a-b06d-973267ade5cd,momah-ifeanyi
251bb3c0-b09d-44aa-96e2-5febf714b234,mr-amobi-yunusa-akintola
9313f2ea-17be-4470-96bf-4b5e075d6f4d,muda-lawal
b11d585e-ee9c-404c-9ea0-e53adc97191d,muhammad-kazaure
1d162331-5c3d-4ccc-8711-28ef943bcba7,muhammd-jega
5f242eb6-9216-46a2-8ec7-95967192442e,muhammed-bello
b6635f31-1ce6-412c-a899-ec5933b720d5,muhammed-musa-pali
17c24323-fc52-474b-ae25-b223dcca3080,muktar-shehu-ladan
557d08dc-0bc1-4129-b082-6ac8b938978a,muntari-dandutse
356c08ec-a215-4f99-904a-3640b4cdf98a,murtala-isah
e0864697-871a-4fb3-bbdc-7c04219bb496,musa-sarkin-adar-kaffe
c632ebdb-d196-4c04-8e6f-d4094cc98dc7,musa-umar-gari
0e98e65d-e49b-4c35-99a1-495eaf13b9a2,musliudeen-olaide-akinremi
cf843d3a-89ef-4b1c-b286-ae49c5038b72,mustapha-dawaki-bala
e47703c9-e588-43f8-ac1a-a2ec993b44fe,nasir-abduwa
3627b4c4-8201-400a-a78a-ef2a75bb84bf,nasir-ali-ahmed
5ff2f8a2-7e20-4083-a740-b686a369bf86,nasiru-zangon-daura-sani
9fbcf4a6-114f-448b-93b2-15d0758bcc0b,nazifi-sani
4ed9a9f7-14af-4f1b-b715-685ef3d464d6,ndudi-elumelu
18e353f3-f57f-4646-bcd6-603cdda084c2,ngoro-agibe
726225dd-a03a-43b6-879a-414076ea6d27,nicholas-garba
7b2e15e0-94c3-4758-9ac8-316a8469e89e,mutu-nicholas-ebomo
f2556830-38db-4585-a8b6-7b511a9320e0,ossai-nicholas-ossai
821f87b4-905e-4d12-96f6-f453b5b6fbc5,uzoma-nkem-abonta
5e9ef108-bc3b-4a64-a052-daf7fed95a9f,nnaji-john
a56835dc-1d9c-4ff6-a0d5-cb2bb015d833,nnam-obi-prince-uchechukwu
25fe86cc-ff0c-47e9-a20b-5f0d545020cf,nwajuba-chukwuemeka
854914ca-daf5-459a-ab3f-7b3b740df540,obanikoro-ibrahim
7d2e4a02-5653-4bc0-bfc7-6cb53a0f4aa7,obinna-chidoka
35156b24-e5b1-4721-afdb-74dcb7d05293,obua-fred
c89fa63c-b8e9-4733-85a7-2b2ce46cfa83,ogbeide-ihama-omoregie
4ef095c9-3402-4491-afce-59be3ad36187,oghene-emmanuel
a47175bb-4cb6-4058-bac7-b2caee31d659,ogunlola-omowumi
260593f3-76a9-4df0-999a-25cc14cd066b,peter-ohiozoje-akpatason
be9d9c38-c10a-47aa-baf8-910e81016c33,ojerinde-olumide-abiodun
ac855a7d-9d91-44eb-86fd-851654de5187,oke-martins
902ca577-525c-46bb-8677-718d0e32ded5,oke-oluwole
c7e9c2f7-02b2-43e9-a57d-42f54c7e01c7,okon-micheal
bc8df2b7-2881-4ec4-bf3e-3631fa1ee35e,okwudili-ezenwanko
2ed2a5b2-882f-499d-9962-2ffc9a9e4555,olajide-olatubosun
94cc7d18-768b-4e0b-ad68-45ac53e1cf32,olanrewaju-kunle
dab9495a-6809-42df-8d83-bd0d45aea504,olawuyi-abdulraheem
2d20ed5e-112b-45f5-8dad-5bc26c71612d,olubukola-oyewo
570cc7f7-0c6a-4348-8d16-f5d580093474,olubunmi-tunji-ojo
965f94df-c963-486d-9437-a0d5e2a24e88,olufemi-adebanjo
ccb34124-1bff-4181-97ed-91b0648449d3,olumide-osoba
b4c80409-374c-4429-8f08-a2a60bfa3c17,olusegun-dokun-odebunmi
c14f9e8b-fa61-47fd-bea8-de476895373a,oluwarotimi-agunsoye
1a3d477f-10fe-4727-9212-d312e03bd55f,omar-tata
59848f24-327f-44d3-8086-1f1fd0f0772e,omolafe-isaac
f001f422-8c53-4b2e-8f3d-949ed47cb006,onofiok-luke
263a0317-b05a-414e-a774-82b700ce07b8,onwubuariri-kingsley-obinna
b7a2ac57-9d18-4e5d-a177-e41a99fc83a2,nkiruka-onyejeocha
db46a851-d314-47cd-85ce-954fc49a1095,oriyomi-onanuga
2d5472ed-c775-4af9-9277-87c97ed667b4,ossy-chinedu-prestige
9956dd18-99d1-4bec-b569-282fe1c49063,owolabi-adisa-james
709bd74e-5a24-4349-a39a-2d9898443c97,owolabi-peter
30265162-65b9-48b4-bf04-19b89a17e5f4,pascal-obi
e2d23059-df3b-45c7-a748-198bdd3d86ec,patrick-ifon
f4347186-6059-4c69-a985-81356618d64c,peter-abiola
aa60a97d-b7d4-4fdc-b7b6-2aadc5fe0d14,preye-influence
f9299f28-11b7-4ebd-82ed-39a85392866b,rev-francis-waive
4f331468-18f3-4701-8612-40851ad3f180,richard-gbande
3438649a-0572-4d86-b47c-42b2bdcbd46a,rima-kwewum
e862f7a1-f4bf-4fdb-aa24-fb451ab3349b,sada-soli-jibiya
d9b26731-6e74-4896-bedc-e924590fbe13,saidu-miga
cc1893ed-9789-4c02-9aad-f8cabd8d45d1,saidu-musa-abdullahi
25a3f6e9-4fdd-4c2c-aa8e-6a597a83bb3e,saidu-mustapha
9cc08263-708f-4f0e-8b93-8d599044d770,salam-bamidele
87132e65-8a38-4cc6-a3ca-e931eb8ac85a,saleh-rijah-shehu
395c9c9f-2728-4b9f-85db-792dd7925931,salisu-isansi
2d552fa8-a422-4cbb-80bf-6cc262072239,sam-onwuaso
c384ef95-3c26-456d-a5cd-a609e02d311d,samaila-suleiman
a9430265-26d9-41c9-ab9d-7686f5eda917,samson-okwu
e0167e52-a98b-44db-a385-e3c5b33c2969,samuel-ifeanyi-onuigbo
763b937d-40c9-4510-baca-f5dafd339965,sani-baya-umar
4ce50863-6563-49d2-b374-3fc1093d83c2,satomi-ahmed
e01dd914-0d13-4db4-bb54-a5a88b93a5be,sergius-ogun
d767cf00-1018-4323-a481-9ee9983b3564,shamsudeen-dambazau
e3083836-3484-4854-972c-d2d88d681be2,shehu-ahmed
59c19942-69bb-4ef3-8859-f9dfc6dfc824,shehu-balarabe
a9a2ece6-1141-410d-a1e6-70ffc4159932,shiddi-usman
424b9801-b0ea-4d44-996d-30a76565da1f,shina-peller
559e1aad-6916-4cae-9893-c3a742157fc9,shoyinka-olatunji
1dcdae96-ec35-42ab-81fe-c7e6a07ccc72,simon-chukwuemeka
41d3b5f8-d636-4947-b500-3ca6149eab03,simon-davou-mwadkwon
bfab36c0-a199-42da-a005-94e31066d2be,solomon-adaelu
fdb9343f-b1c8-4243-89a8-03e95786d873,solomon-bob
3acdf153-8e52-4c6a-854c-7a24869dd1b6,solomon-maren
9e54b998-5aef-4a25-bfbd-83e210033d0d,stanley-olajide
ebe34022-3ae1-467c-a55d-f255e37da934,steve-azaiki
ffa26d66-2e07-41c2-bd29-9885bbb3720b,steve-fatoba
55108fac-02f8-4fbe-b98c-3e9f646f8f49,sulaiman-gum
ea083b8f-f370-484e-bb84-63541cd0cc1c,sylvester-o-ogbaga
1018499a-1847-4d5e-b71e-4e963123b3c4,taiwo-olukemi-oluga
a435ef24-0197-44e6-8dbd-8fe1c87206e1,abbas-tajudeen
4d4af9f2-b2af-4305-be73-b33172eb342d,tajudeen-adefisoye
24548ea1-20ce-44bb-8995-5ea4d27a21c5,tajudeen-obasa
1e32d025-0def-4efc-96c8-0d00d87de51e,tasir-raji
6122a801-af07-4db9-b00c-16ce041ea2f5,thomas-ereyitomi
221edc34-f892-4a34-98b8-362097417f8d,tijani-a-jobe
d1d32712-1515-40b6-806d-19cad1aaebc4,tijani-kayode
0bd22e7e-2ddd-4387-a192-b30fa0279b2c,tijani-zannah
13e149bf-bc57-4c7d-b5ee-3111daca51c6,toby-okechukwu-toby
ca18432d-16ff-4121-a491-f635fbf50695,tolulope-tiwalola-sadipe
b4a210cb-3a77-4483-ab7d-aa841c150cb7,tukura-ibrahim
22fd6f4f-8dbb-465c-920f-7579bb42fce5,tyough-robert
9f2694d1-01de-478e-a8e8-4de0e6c19f46,uba-bashir
99be1829-c162-4c27-be43-70c76754f8ad,ugonna-ozuruigbo
c460c61f-bdaf-40f5-b64f-2039604367a5,uko-ndokwe-nkole
06f9ccbc-e455-4f03-b86d-a8fd72df47b1,umar-abubakar
7ce0ff3b-5f15-4aee-9f6f-b927aa91e889,umar-abubakar-sarki
5007b010-495c-4eba-937b-35c97001910f,mohammed-umaru-bago
c9d34f7e-5504-474f-88d3-7dd6951ecbc2,umar-dan-galadima
93704239-da37-4d8b-88b6-9ef940465c1e,umar-saidu-doka
380aa4f9-c947-40af-815c-dbb9267340ac,yakubu-umaru-barde
41aa9392-e716-4214-80a6-6b01ec7ac18f,umeoji-chukwuma-micheal
5292efd8-7274-4db7-be9e-cf84d377f8ac,unyime-josiah-idem
06a1828a-86c1-47f5-9821-ff86b0f1709a,usman-abdullahi
87fa5f5d-ea7d-4499-b032-5001192ceb68,usman-ibrahim
424ed216-b582-4712-be76-097e2cc3a81b,usman-zannah
ade0005f-dccf-49dd-9f41-fefe8885beba,victor-akinjo
1fd79189-2d7d-4822-9839-37a3b6d1b16c,nwokolo-onyemechi-victor
a13b407c-3b3b-4746-8110-8019506eace8,vincent-ofumelu
bc9481d4-000d-4236-9d4d-41f4a2d6377e,yanusa-abubakar
e5ba8c2b-51ea-481d-adcb-4f3dab22dde3,yemi-adaramodu
299c9fe3-3f1a-4a45-a1ea-d239a3968240,adepoju-sunday-adeyemi
53261ffe-a761-4517-a9f8-3b22bf8473dc,yusuf-adamu-gagdi
d0f0b376-5c1c-4bd4-bc29-84cb9269a7be,yusuf-ahmed-tijani
d08d549c-5f0f-4504-bc8c-cb8b7da8a775,yusuf-ayo-tajudeen
132f99ce-2e90-415e-9c46-a5da95450567,yusuf-badau
1da348a6-3c05-498c-b1b9-74ecb747be49,yusuf-captain-buba
541637e4-5bcf-4994-a9ba-1d92a7b0a290,yusuf-isah
d8556b68-bc2c-4f6b-b178-2ac7c5d69097,yusuf-tanko
76c6d1c7-d09a-4548-8a3c-8e813a6aa05b,zainab-gimba
268d59ee-69c8-4129-a7cb-0935c31a1b63,zakaria-nyampa
b9cea52d-58e8-45c2-b43d-87faef1e1c16,zakariyau-galadima
6b0cdd74-7960-478f-ac93-d230f486a5b9,abaribe-enyinnaya-harcourt
73ae686d-1b00-4f62-99e3-75aca0a21146,abba-moro
9de46243-685e-4902-81d4-b3e01faa93d5,adamu-abdullahi
cfad675f-e818-46ca-bd3f-268eef52b1e2,abu-makau-damri
fa3e73e7-98b9-45f8-befb-3ba0884a8783,abubakar-kyari
51b5693c-b7c5-4d23-b1a9-56081e56e76e,abubakar-shehu-tambuwal
cb661a30-e55c-4b0a-a7a8-a4e2996cbbeb,adelere-oriolowo
e5a6c86b-b503-4105-983b-d5c81ab41eaf,solomon-olamilekan-adeola
d7ffa4dc-9e10-4383-80b8-6e37e57800ca,lawan-ahmad-ibrahim
399f21bc-b0e9-4740-b425-c3a1bedcb81e,ahmed-baba-kaita
a9919346-cf4a-4829-bccc-ec3025db2e25,aishatu-dahiru-binnan
71e484db-02e1-4e9f-8840-44aa342aa2da,ajibola-bashiru
6d4bb5dc-0c5f-49c0-8a0d-bd2c167ef2f9,akon-eyakanyi
16f44adf-2bc8-469d-aef1-5d04bfc3a6b9,ndume-mohammed-ali
70286a75-669d-4137-bab8-33d7350e3aaf,aliyu-magatakarda-wamakko
d512cc2f-795e-4bab-bee4-e5938a1add2c,aliyu-sabi-abdullahi
c3369439-f69e-4408-a38f-1e0dda1bfb1e,amos-bulus
3d062dac-eeff-43ab-8734-9e2d56690b47,apiafi-jocelyn
90b8457f-9879-4606-b045-41aba360a6b4,ayo-akinyelure
eaee8559-8d76-45ac-be2f-28763987e756,bala-naallah
c6a83242-d777-4805-9dc9-c0150bdf7e38,jibrin-barau
f5a0c633-3bce-4a3a-97eb-282dbdcba567,barry-mpigi
cf5aea30-b4fc-4eeb-b827-dd023e9ad0e6,bassey-albert-akpan
37ed7840-c3af-49fc-a284-ac51ae287da0,bello-mandiya
857a6792-4320-43a0-b5da-5e68985fd40c,binos-yero
01cd595a-debc-441c-bf45-cfc7c18ee568,biobarakuma-degi-eremienyo
d0cb66f9-0ea7-491f-b95f-d423dd8c4957,biodun-olujimi
f63fc610-ec4b-4ba0-bf02-b543c5fd8c8f,abdulfatai-buhari
5943c798-b252-4b2d-ac7a-4b4e4ce863f0,chimaroke-nnamani
c96a04eb-0cda-4d54-a909-45b50f4cadf7,chris-ekpenyong
840101fc-9040-4bf4-b96d-7d362bcd5f47,utazi-chukwuka-godfery
fbe41710-70db-4640-b464-aa3b894031f9,clifford-ordia
129b69f6-8a86-4407-9525-8a2f8caa5828,danjuma-laah
449e302e-a5a4-4d7f-97b9-42d36d567c56,danladi-sankara
1176196d-ddc9-4b05-b234-b3291d8e642a,dimka-ayuba
10ab1957-94a3-4d99-b31d-6236c624921e,bwacha-emmanuel
06b7c1ec-e9fc-47da-8a22-55a1448d36f1,emmanuel-orker-jev
df13478a-638f-4cec-8c58-360fc80eb1b0,francis-alimikkhena
89b51cc3-dca9-43fc-a483-5cd158f2927c,francis-fadahunsi
75cb786a-a984-4a1a-bdef-974fe80467ba,gabriel-suswam
4a3fd28e-a162-46d8-8c98-ea19ff7f855c,gershom-bassey
b1ca0e57-1c9c-4e69-ac6a-fd1fd919b29e,godiya-akwashiki
90ac7b16-8f98-469b-8a8c-0209baa43bb5,halliru-jika
76d5eafa-d1ea-4669-99e1-48b2bc81770a,hassan-nasiha
9c821770-5776-4b0b-b2f0-73ef03898c54,ibikunle-amosun
830b56fc-139a-4122-a60d-fd64fcaa8796,gobir-ibrahim-abdullahi
c5100ba6-dc8a-4b34-b250-5fc157ed9850,ibrahim-bomoi
b41379ca-bae9-4ae5-bc63-57d6114b8662,ibrahim-bukar-abba
e4535d2e-d73f-46e8-830d-ebce0480efba,ibrahim-hassan-hadejia
83688794-abd5-4ab2-a35b-000aeb0cd501,ibrahim-shekarau
e1723f5d-8cae-4b9c-8d26-4ac38512944f,ibrahim-yahaya-oloriegbe
3522fd7d-6699-47f0-8eb8-9409d70f9e52,ifeanyi-uba
31a25c6a-76fc-4b1b-8bb4-22f15a8d6612,ekweremadu-ike
72e630c1-d478-4900-9af4-81b96bdba4ca,isah-jibrin
ee6ac02d-5482-435b-bdbd-e9bfd3272d47,ishaku-cliff
f24dbd67-615d-4f54-a344-295366ae980d,istifanus-dung-gyang
34047ee1-4c7e-4e46-a439-1372b2d7e231,manager-james-ebiowou
a8cb4f6c-4780-4690-bb9b-77ee93a93204,kabir-barkiya
615c11fc-755e-4790-a1ac-70f880501b17,kabiru-ibrahim-gaya
c5c7a624-0b17-484f-b218-b9134e45a650,kashim-shettima
a44e7319-5f79-4a36-900d-a10fdef8bc7a,kolawole-balogun
29633d3a-cd2c-447f-ace4-ae9f26fdc5f8,lawal-gumau
c7813ad0-86a1-4aff-803d-1b2806ebee85,lawrence-ewhrudjakpor
cf7cb812-292b-40e6-a479-863b9d1756f4,lekan-mustapha
3119182c-afcd-413b-af18-0e4a50cb627a,lola-ashiru
66e28abb-197f-47ad-ad54-cd78c53bd4e9,longjan-ignatius
afc91574-3d10-45f3-b906-43d3bb443f7e,mathew-a-urhoghide
a71557bf-24a3-45df-9673-21a28cc4bcf7,michael-ama-nnachi
14819a34-2f76-4354-80b0-6b7055268606,michael-opeyemi-bamidele
e3d5129d-3dd5-4e01-bd33-5d042bcdb70c,mustapha-sani-mohammed
7babc3b9-ede9-44f7-a2cc-af49aba7f70c,suleiman-nazif
54220803-37fc-4970-8f9e-693df8c5f721,goje-mohammed-danjuma
5caac0f1-5659-46cb-94d3-d3eaf49acd42,mohammed-sabo-nakudu
80aec56b-d413-4ace-aed1-e08b329a7e9e,mohammed-sani-musa
7d3a587c-194a-43b6-ba2e-04581d9aa783,muhammad-adamu-aliero
30d9e31f-8113-423b-992b-124f97ea02aa,obinna-joseph-ogba
97c96735-a6f1-4dd5-b01b-a45316179da5,olubunmi-adetunmbi
5744450e-41b7-4d7d-b81a-83f42f34437d,tinubu-oluremi
1a41403a-b5ac-49c1-9dc5-ed78b2ccb6f0,onyewuchi-francis
b1d36c7c-824b-4a14-ba49-19691dde62df,orji-uzor-kalu
cf917eea-0905-4f82-abc6-6c096e138da4,osinowo-sikiru-adebayo
af00a81c-21e0-49f9-b61b-e90b36fc8ba1,ovie-omo-agege
e4840a77-41c5-4818-b0e8-54676f004239,peter-nwaoboshi
bd2e8ef2-956f-4ab0-8655-d8074b90a8ae,aduda-philip-tanimu
62948032-2e2f-4962-b37e-7f082e722b47,boroffice-robert-ajayi
6d4ea79f-42aa-499a-83bf-66c00af89e2e,owelle-rochas-okorocha
cb162d89-ba46-49cc-84f3-a7d3ee25e62e,rose-okoji-ok
444c2be4-45fa-4e62-acac-ed9a6181f1b9,sahabi-yau
6b694fb7-db1f-4608-a1a0-fb40cd19bbe9,saidu-alkali
e5f73d13-00b5-4dd3-98b4-3ad8b72be43e,samuel-egwu
3e566c92-7054-461a-842f-6128f233a997,sandy-onor
eddb3c5a-7bc0-4b68-9795-30c8098c1b36,shuaibu-lau
ff38ef17-0566-47b0-9f9f-0dd85d94a4cf,smart-adeyemi
b3c68cc0-3a3e-4d47-8feb-bb6d75c4f343,stella-adaeze-oduah
8e3b9a97-90af-4561-85ea-dab57d7af528,suleiman-hunkuyi
59fadd0b-5977-4690-97b4-cbd5b9d0c57d,umaru-tanko-al-makura
e43353f1-d7f2-453e-a3cd-bbe3eb374fc8,teslim-folarin
73f394c3-b0ae-4154-b86c-8e5b7b637df8,theodore-ahamefule-orji
f2114b08-9d17-4cbf-bf4b-c8c20d236e1f,thompson-sekibo
9a9cc23d-dfd7-4696-b8f0-cb56eb02455b,tofowomo-nicholas-olubukola
a73d5f97-8ec6-4cc6-952a-9b72ecc7632e,tolu-odebiyi
e9700ee0-6282-44b9-9b34-11f20f86b02a,uba-sani
cc161325-cd0f-4aba-a17a-da2a0e931211,uche-lilian-ekwunife
5fe746a2-8048-4f16-91d8-0989f88812e8,umar-sadiq
3b1e65ac-196e-4773-9d1d-5782e376bf59,yahaya-abdullahi
2c4518b4-1c4b-43f9-b938-48c87c266d07,yakubu-oseni
f95eee1d-5f81-4813-8164-7e1cc908e878,yusuf-abubakar-yusuf
gov-abdullahi-sule,abdullahi-sule
gov-abdulrahman-abdulrazaq,abdulrahman-abdulrazaq
gov:alhaji-abubakar-sani-lulu-bello,abubakar-sani-bello
gov-ahmadu-umaru-finitiri,ahmadu-umaru-finitiri
gov:aminu-masari,aminu-bello-masari
gov:aminu-waziri-tambuwal,waziri-aminu-tambuwal
gov:atiku-bagudu,bagudu-abubakar-atiku
gov-babagana-zulum,babagana-zulum
gov-babajide-sanwo-olu,babajide-sanwo-olu
gov-bala-mohammed,bala-mohammed
gov-bello-mattawalle,bello-mattawalle
gov:ben-ayade,benedict-ayade
gov-dapo-abiodun,dapo-abiodun
gov:darius-ishaku,darius-ishaku
gov:dave-umahi,dave-umahi
gov-douye-diri,douye-diri
gov:godwin-obaseki,godwin-obaseki
gov-hope-uzodinma,hope-uzodinma
gov:senator-ifeanyi-okowa,arthur-okowa-ifeanyi
gov:ifeanyi-ugwuanyi,ugwuanyi-ifeanyi
gov-inuwa-yahaya,inuwa-yahaya
gov-isiaka-adegboyega-oyetola,isiaka-adegboyega-oyetola
gov:kayode-fayemi,kayode-fayemi
gov-mai-mala-buni,mai-mala-buni
gov-muhammad-badru,muhammad-badru
gov:mallam-nasir-el-rufai,nasir-el-rufai
gov:nyesom-wike,nyesom-wike
gov:victor-okezie-ikpeazu,okezie-ikpeazu
gov:oluwarontimi-akeredolu,oluwarotimi-akeredolu
gov:samuel-ortom,samuel-ortom
gov-seyi-makinde,seyi-makinde
gov:simon-lalong,simon-lalong
gov:emmanuel-udom,emmanuel-udom
gov:umar-danguje,umar-ganduje
gov:willie-obiano,willie-maduabuchukwu-obiano
gov:yahaya-bello,yahaya-bello
5922e125-3eec-408e-b7af-3653c3b51215,aabdullahi-yahaya
2c91d038-f287-4dfb-bd7c-b930aca308d4,abass-iorwuese-akoso
3ba12bcf-db42-4d49-b649-dd2dfff92436,abayomi-akinruntan
0e3ff4e5-a08d-4e63-b50d-7cbae57cfc20,abba-ibrahim-garko
0fd51f42-f262-4a13-91fd-224eb9de1e2b,abbas-aminu-iya
407bc546-6eef-45be-a64a-367e584b13b1,abbullahi-yapak
f84f861a-0a69-4572-ac36-10747107646d,abdul-adamu-yanga
4201a422-b796-4ea3-a2ad-268539267f0f,abdul-bashir-oladunjoye
42e98c01-13c7-4ec9-9f20-f9cffac82012,abdul-nasir
3dd050e8-68fe-4473-8cba-b81b5505dfff,abdulazeez-garba-gafasa
4208994f-f713-4207-8917-9d922bdc228a,abdulgafar-o-ayilara
6cd0ec26-19c7-4573-92fd-fc1c99b9fe4f,abdulganiyu-audu
9a819ca6-00d8-45c6-b0cb-f78c9ab7d841,abduljalal-haruna-runka
f554fa56-aa94-4574-a43a-6c56e018e5d4,abdulkarim-lawan
d15e8e33-73c0-4974-a7d9-af474c572682,abdulkarim-mohammed
d956a99b-2408-424b-9120-8f9e66f499aa,abdullahi-abubakar
2ff4671a-c0a5-4675-a2a0-6be9a2b51ce9,abdullahi-adamu-bazuwa
4dca6263-ab3d-4376-a1c8-99003a5c0411,abdullahi-ademola-rasak
44d6e08d-850c-4d70-82ab-96b56a3d3461,abdullahi-ahmadu
972963d9-3971-4032-b9cb-b8f52ee65f0e,abdullahi-ahmed-bawa
bc809212-bae4-4f18-9d52-6a255756a213,abdullahi-alhaji-zakari
a268bde1-1382-4cdc-8b78-707bf1bc1f77,abdullahi-bawa
987a514e-76df-44f4-89d1-b11396dd239d,abdullahi-buba-abatcha
94397813-6faa-4851-8307-7d39cf7dff90,abdullahi-dahiru-angibi
9b77f170-b456-48d0-8167-f647c1814e5f,abdullahi-danbaba
57c374e7-2e11-4801-b7af-336004b5429c,abdullahi-danjuma
b0a3f5f7-f8e0-4449-a16a-430902a63e50,abdullahi-garba
3c56d1af-b11a-46c1-bc46-1a5dd9af2744,abdullahi-hamman-adama-borkono
ce6ea879-64a5-40da-9565-0420879b3280,abdullahi-iliyasu-yaryase
886d5818-15d6-4ecd-a28a-b69b5e6d5cc1,abdullahi-mahmud
fa5f5668-6de7-49ab-b05d-d2ca4f8c6245,abdullahi-musa-askira
94ceea91-8fcd-45c9-a4e8-4f4371a67d8e,abdullahi-umar
7c97b8c7-9eb7-4ae8-99c1-6604c2f8b804,abdulrahaman-alkasim-karkarna
b361209b-3e01-4002-9544-cac6cb48d656,abdulrazak-ismaila-tsiga
c597d99f-ef17-4f82-8e50-c8cece8a0376,abdulsobur-o-olawale
2f423ea0-30ba-4e4f-98eb-3f292fcfd24e,abdulwahab-idris
95d1b2bc-ab9e-43f5-ad8b-1896db6f3917,abel-yakubu-bala
ac95a720-ef9e-4d56-ac0b-e53518d7b3b0,abinye-blessing-pepple
81bb5a23-de6f-4eea-8836-3a3cdd0f954d,abiodun-fadeyi
9899dec3-2a44-4dcd-a826-528db3353d21,abiodun-sylvester-niyi
eef4dae2-4515-42f2-a1b6-b8d2c47786cc,abioye-adenike-elizabeth
92b64e9f-f9fd-4e93-b607-3fbd989f76fd,abok-nuhu-ayuba
a7efd3f8-dfab-4f22-9bda-84470b0623f1,abolarin-jiji
6c31e0ed-fbd9-4b2a-9b7e-1a3e5979ae4d,abraham-oba-ukefi
683a61ba-1133-499a-b8c0-2a5153a64392,abu-umaru-james
89004cb1-7167-41de-bda1-fbe5f48ee77a,abubakar-altine-kyadawa
45388f11-dfd3-4b0c-9ab4-77f10bf7d3a1,abubakar-danladi-isah
299bf2d0-c2e0-4489-b990-85d357644f3a,abubakar-ibrahim-babale
3b09fa3e-ee89-4891-81af-6d125fcdb5c1,abubakar-imam-besse
a68ac66d-a9f4-4945-80aa-ec8988819742,abubakar-isa
17d626f5-747f-482b-8ec5-5500c81311cb,abubakar-mohammad-saidu
af5c2c7d-de59-4b9d-a5ae-98f288cb87c4,abubakar-mohammed
b8b9210b-225e-4d1d-ad42-728c88ff530a,abubakar-mohammed-total
ee2e5b0e-ba1f-47af-9d6c-8f2ca7c493f1,abubakar-sadiq-ibrahim
331ef121-ea83-416d-8c3a-26a9e0e4d893,abubakar-sadiq-muhammad
1fb9b57f-e02c-4663-9aa4-45b7196770ed,abubakar-suleiman
bb08b758-f58a-4639-bed6-80f1f72f40b0,abubakar-suleiman-abukur
6e63783c-359a-4ab4-adbb-c6358e9ff487,abubakar-suleiman-y
72cb23c7-c52f-4de2-a0c1-4799f017a86f,abubakar-uba-galadima
e15c0830-d57e-4a63-946b-8dfede5573b9,abubakar-umar
f94d385f-107a-4415-9f0c-f4c86b8a6f08,abubakar-yahuza-maidalailu
832e1389-a845-4014-8008-f8a2608e02b7,abukabar-mohammed-n
36c96d52-989f-4a10-bb5d-e612d1ec93f3,adamu-bari-b
cdcbe647-c883-4146-891c-097dd46456f4,adamu-hamza
5932eac9-3901-435a-8fca-359cb8d1ab0c,adamu-mohammed
bcc43f34-ee65-4631-a7d6-db24c2112ec8,adamu-muhammed-birnin-yauri
1f4444d6-b2a6-49bc-b4d7-aa39433cbb9d,adamu-musa-a
9d081176-9551-4392-bd76-c25eeaa3c7b9,adamu-suleiman-ibrahim
5020ce37-d08e-45cd-a7ae-ae0ae78e0c43,adamu-umar-a
a305eb85-26a6-47ae-a002-a51689c58d8d,adebayo-babajide-g
57936647-f860-4367-92ae-80a406abd250,adebisi-lateef-adelani
4c07921e-7944-4455-a084-413f2c523bb1,adebisi-yusuff
e4f0d925-76f1-47ae-9fde-f57dc1fd9f70,adeboroye-samuel-ademoye
c4f39382-c8fb-4af9-b50b-ba8918812bfd,adebunmi-lateef-olayiwola
003d50b0-446e-44e7-99b3-ce7a483a59e0,adebusola-taiwo-hezekiah
41f3e29e-a9fe-443f-b43b-8262e7adcc5c,adedibu-hakeem-a
19a18f5e-79e1-4512-b8d4-4a92d5906cc4,adedoyin-onaolapo-sanjo
bfbe6ff7-e5a9-4edb-a34a-85b3ad255eab,adegbile-adirulahi-abefe
54eec819-a696-46a0-89fe-da4affc7f7f6,adegbuyi-oluwajuwa
f29628c8-55db-461b-b968-7f77ee5e1d82,adegoke-olajide
39f3f7c8-7e93-4818-b76e-2c0eec60a4b6,adegoke-olusesi-adeyanju
bb8eb2ce-56d2-4da5-ace4-e5c9893bbb8c,adejojo-yusuf-temitope
e6cda095-893b-4b6a-b418-6c8f133845da,adejuwa-adegbuyi
03ebe7e2-d96c-4836-86ca-7a09f920e1be,adekemi-balogun
8c964b76-f261-4627-9300-e00ae195a9c2,ademola-bello
5bb5a902-2f8c-4349-a7c5-3367575e8a27,ademola-samuel-edamisan
a9776245-16e3-4a00-b7ea-17a0a8378c69,ademuyiwa-adeyemi
165be754-8192-4a14-b665-690802ed7363,adeniran-a-adeyinka
43625332-6ee8-45d5-b8c4-6abb99061e5e,adeola-bamidele
652da07e-40b1-419a-9fb7-cbaacc0c10ee,adeoye-aribasoye
a9878fd2-0950-423d-8702-971761d10fc4,adeoye-oyebola
fdb3a93e-8695-4e2e-ae19-4a52b1866a92,aderonke-aro
3de86d45-1f4d-4feb-b1e6-7543dc22f05e,adetoyi-yinka-michael
623b145e-c474-4902-b86f-540784b3bae3,adewale-richards-adedoyin
647984d4-571f-4a8c-8cff-98f125abcb8a,adewale-temitope
337f98f6-4218-47c1-9404-2678523b1dfe,adeyemi-adewumi
629b75a5-3c0c-45d5-9f82-9d45287a781c,adeyemi-olayemi-adesina
f089b074-4973-4519-9ba7-7f3e4db022f4,adeyemi-raphael
3c036671-c4ea-4da1-a7eb-5eb8801d58c6,adeyeye-olajide-martins
5d535f1c-2466-4476-a2f7-b0affdb7b664,adikumo-salo
9acc9d1c-6264-4945-823f-1de094953a27,ado-wakili
ce34b027-9701-43f5-856c-745083ed1b45,adonye-kelly-diri
d1e75f7b-5beb-4ce8-8961-91796bf09ed7,afuye-funminiyi
7eb962d0-c00b-4ed6-a95a-ba101a18c2f7,agaibe-n
5669b22e-8b04-46c3-be39-d3bdbf423529,agbatse-geoffry
478003b5-b050-46d4-99f2-2ddb5a9fee1c,agbidyeh-jonathan-akute
be9d2146-7a6e-4719-b81c-9a15680ea241,agbodike-paschal
d729f5c4-1c3e-4dd2-889c-96f3e1f7b054,agnes-uloko
91ccea85-098e-4fc9-a720-2452d49fb2d4,ahiakwo-christian
3b835eaf-0e75-4af4-ab60-98459442ae30,ahmad-jedua-dawud
72e917a3-c6cf-4bef-9d27-c5432dd25a6d,ahmadu-alhaji-a
b8258d7b-5a92-4791-b954-a2705dceb2b6,ahmed-abdullahi
0bd6d15e-ecd5-4fd7-bc64-663f6b1f3833,ahmed-bawa-kuka
88eb6c6d-bd18-431a-bcdc-35a924253948,ahmed-lawi
bd67a514-2540-4b1a-b300-7c0a2b26e0f7,ahmed-mohammed
c79c6d02-7afa-4f0f-8100-5e4b69e12e45,ahmed-muhammed
6197ef69-a84b-4c83-9b24-891542f9b348,ahmed-musa-dambol
baa79e2e-033e-4141-9dc6-8544e5a17346,ahmed-s-baba
5dc3ab95-1015-4eca-b112-34285dbb45e1,ahmed-saidu-rufai
6b2f6464-d1e2-486c-a7ce-1c417c289581,aimu-foni
3c1a4b2f-4ed7-40c3-aca1-e0cda00dcf30,ajayi-bolanle-lateefat
cff7ef1c-af34-4146-80d0-06672afa9c3a,ajayi-oyedeji
af78352c-f5fe-4696-9da9-134fb1343b64,aji-josiah-john
ca49bfa4-33a3-48aa-bbd6-180dbffd578e,ajikolo-ibrahim-khadi
2c477066-7043-4e8d-9a0b-6d8904d567e2,akaegbobi-johnbosco
36078f88-4793-4a7d-adae-b643c6166c74,akande-moses
f6de4e80-1810-4e4f-8894-5508b34ec373,akande-moshood-kunle
6d520b63-19e4-4aa9-942e-5fd4ff8b4053,akeem-mustapha
ff921f0d-d35c-4127-9e38-91d8abd968af,akeem-obadara
dfa0f09b-6fb2-44a7-be11-cff5fab43fe2,akindele-olanrewaju
4c9c0717-b4cb-4ab0-ac2e-451d609a9273,akingbade-jemili-adigun
bc0bfb89-0d4e-482c-b961-351edafbe257,akingbaso-festus-o
e4eeac5a-d23f-43a2-9ca6-0d2e9a7f2428,akinoso-emmanuel
41d1b9db-4d7c-487b-bf1d-449d4a26ec06,akinsanya-nureni
ffa4c8a7-8741-4b5d-a0bc-280ccbe326c6,akintomide-akinrogunde-i
0d71503e-9b24-4a2e-93d8-0df32aeb1920,akintunde-olajide-emmamuel
51572680-be0d-4941-94a1-8e6535e1cd6c,akwaji-e-godwin
dfdfa7a2-b47b-45ff-bd91-4c56e1423496,alarape-asimiyu-niran
2a9c1ff3-60ed-47f2-8177-4227e4d4cfb5,alfa-momoh-rabiu
6142b332-9272-4309-b5e4-bff8d099cd14,alfred-o-martins
f7c755aa-822a-4a68-a82e-26b4fb7c4e24,alhaji-idris-garba
128823de-ecce-405f-a6eb-065d36debeb2,alhaji-maidawa
34495061-f6bd-4df3-bdd3-73bce960c2c5,alhassan-hamman-joda
18f0d015-a0df-4532-9a86-0c96a2e27cf4,ali-bulama-yajiwa
74ad45a0-3087-4ee6-948b-b59f3639870f,ali-daniya
9ca3e878-f987-4236-9a29-49a5bf7b8868,ali-dogara-mohammed
1188e0aa-6ae3-45d2-8761-3be2d89ef3d6,ali-ibrahim-isa-s
f4507915-d0e9-454f-a980-3249688ac41f,ali-kalat
ccbc1665-7553-4bf0-8bc5-6f31abc7af85,ali-kotoko
b2fa25e1-04d3-4f97-a2e8-207c853e4191,ali-okechukwu-k
6a1a2992-7f45-45aa-b437-2bdc3c4c1b5b,aliyu-abubakar-albaba
8a574a96-b650-4bbb-9f8c-5ffcccd3f99c,aliyu-ahmed-aliyu
3808ff9a-206d-410e-a3e2-1c9613e7fec5,aliyu-ibrahim-nana
b4ac7658-5a99-4b6d-af1f-ae945a31aa05,aliyu-sabiu-ibrahim
fd06fa3d-d029-4016-84a2-df74cbe18f97,aliyu-wahab-opakunle
1ad21183-a53b-48d7-b625-5fdcd2400a1a,almustapha-aminu
8d36c6ca-2cf3-4e18-a8c5-dd16c41aa3cb,aluebhosele-ephraim-otaigbe-sele
3e9e3b97-fde6-41dd-b0d2-ae3c46910964,ambali-olatunji-ibrahim
996b37d4-daa8-4f1f-aac3-690e4e48b5fe,aminu-a-garba
a587bb6b-0ecb-4c58-9c71-9515ddbeeb84,aminu-abdullahi-shagali
0b1b6470-427e-4dff-9594-4edab09db552,aminu-ahmad
6babf776-cc99-4c10-a854-17407a33a8c5,aminu-ibrahim
3d49e48d-3ecf-443b-8785-919b7cb725dc,aminu-magaji
ab16f114-f9b5-4c79-a6af-21c4e919993e,aminu-muhammed-bunza
5c17990f-056d-482b-8ada-798a8d2eef2b,aminu-saad
7a51142d-1049-445b-997c-f11338399351,aminu-sule-sankara
a0b9a9c5-eec6-4ebf-932c-8eae22e928f3,aminu-yusuf-jangebe
46cb0b53-84b5-4b7d-88cc-f3af4e32fed2,aminu-zakari
680004a0-4035-4606-b513-7dfe094f5780,amosun-yusuf-olawale
df3ebb99-471b-429c-9c5c-e0e36dd59d0b,amurudu-aten-usaini
5e2f6093-d280-475a-b383-e2f971852f2a,amwe-comfort
72532598-3c88-4cb8-bdbf-c3d89ef9184d,anas-sarkin-fada
9085279b-33fa-491c-bffe-6f511841c652,anderifun-timothy-habila
21c0a6f1-808a-4ee7-bdce-f8c41aead818,aniefiok-dennis-a
f2c708c0-920d-4897-9616-8f5730cc759c,aniekan-etim-bassey
8ecad0f9-3b88-4803-ba41-1ba8adb652be,aniekan-uko
49a18f43-e4d4-4419-87c8-45a70ad213cc,anietie-b-eka
71e4d9c8-b2cf-4677-a35c-89ac9c9bb0e0,anslem-oguguo-ndubuisi
93ff5550-372f-4ac7-af47-882f1c447e04,anthony-agom
e076649d-106f-427e-a142-9e657b8a0684,anthony-eleke-okwuri
75cb0f0d-437b-49b1-9cf3-2c7510d4e65b,anthony-soberekon
74fe05cc-edad-4384-ae64-5ce8df4a93f1,anthony-ujah-alewo
f9611567-487b-430f-abe2-e7df7be16678,anukam-solomon
eb51d712-b496-40db-96df-d76a5d39ebc7,arinze-chukwu-lucas
84d1f028-7697-4705-9884-a43b0ca7aa30,arubu-kola
ec5a6056-b925-4ad9-be06-4bdf6f01f6c0,asoro-osadebamwen-roland
66df47aa-60e2-4452-8596-3650442b2105,asupa-peter-forteta
a0832b6b-bb08-455a-bbed-9b642149abef,asuquo-e-archibong
861471e0-5a90-4a8a-a1c0-cc5fc84eb818,asuquo-nana-udo
71072376-60d5-4548-82a3-b6c91445b2f8,audu-mustapha
c7255b10-cb5d-4d9a-9ef2-afd3fb080964,augustine-uroye
4206e223-99dc-44f2-b8b7-183153a11d62,auwal-mohammed-yahaya
c67361f5-4412-44fc-8cf7-0569eb73aa61,awo-ransome-chinedu
e2ac22a2-586e-418e-b8ba-303ecd172fee,awodiji-o-felix
17992a6f-4ec3-4d4f-bfff-247be35b04b6,awolola-o-ayokunle
e935a0cb-fc12-4a31-9364-0c8a42399191,ayadike-nwosu
a0f3eebd-8db8-4ac7-b984-436b445b6be1,ayah-bonny
e46ec187-0fd1-40a3-b6c1-e00345bbf5e6,ayokunle-yemisi
7d8067f4-7852-4eec-8e82-10ae770fc846,ayuba-labaran-durum
5185f3aa-bded-4aad-989a-d7e9ae10eda5,ayuba-stephen-wakawa
9710d875-8f76-43ff-824a-85b760388894,azeru-opara
686b4b8a-b3b2-4335-acbf-d75243edc1a9,baba-ali-modu
e8fab493-4c82-46c1-bb47-f3b6e9f031c0,baba-mala-bukar
faf0139d-30c6-41bd-a50a-6cb195f29ee3,baballe-abubakar-dambam
a1944038-fa60-47c3-817e-aa7e0b4feccf,babalola-o-samson
a4166898-2669-48dc-83ed-07aeeb68fe9c,babashehu-mallam-baba
8084327b-d2f5-48dc-88a7-c919d911cba7,babatunde-abdukareem
23520550-89f1-4206-8375-c47734956770,babatunde-idowu
2756f710-4c0f-406f-8b3d-f70e2c3a8e7a,badamasi-taofeek-olatunde
f3dc18cd-8de5-42cf-a3cc-c766156be14e,bajeh-muktar
9090ebcb-5420-4a8b-acc0-90c158660e42,bako-kasim-alfa
c1f365c0-835f-4af9-8f04-c824e5a2ff37,bako-phalal
90acb8d8-40d6-4f2b-adec-529ca734e0a0,bala-abdu-rishi
cc3eab41-bc7f-47e1-a3d1-6b2f70364ff5,bala-fwangje-n
ee8a01d5-b8a1-4257-8728-29d69e604be1,bala-hamza-gada
358c4d5b-cc40-4957-ac29-a8f60a13649a,bala-rabiu
5f50f6ec-f085-4092-a648-693ff72da216,bala-umar
27493756-992b-48dd-ab38-1174eeb3f75f,balle-faruk-mustapha
264270c3-757b-40b2-9237-92ef8779a6a5,balogun-akeem-agbolade
71681595-5cd2-4a63-b8bf-e696ab562312,bamigboye-jacob-abidoye
e6962208-f846-40bf-982c-7bc1c9c35074,bappah-usman-jurara
4549fcde-5bc9-4f5b-9bd7-6deb442e4754,bariene-deeyah
2728677a-38cd-469a-a062-ee9e0023d8af,bashir-idris-katari
ad07ec34-02ff-4c1a-ab69-d4596a4215fb,bashir-mohammed
e440f3f3-f4d5-4774-b8d3-7aec1347777f,bassey-asuquo-francis
cba8f9bc-6e0e-4a61-967d-633ebb7a7544,bazam-mohammed
9c2d547b-a07a-4b34-95a9-dc55250b322a,bello-atinuke
98c8e840-6feb-4fdf-a621-f077327881b6,bello-hassan
37a4cea7-956e-4e20-8afc-48cc433427f9,bello-isah-ambarura
acf4a17b-e805-473d-92e4-c0b47da7d839,bello-j-olanrewaju
3487e3f8-667b-4d05-9e3e-b69eb2fe7fc6,bello-muazu-shira
ff7e11e6-702e-471b-9ac8-58ce759b2900,bello-sarki-jadori
9cde96db-a902-4a37-b21e-d75bc8c16a7e,benjamin-ezeoma
f5b389db-86aa-4d43-890a-da49e0fd532e,beverly-ikpeazu-nkemdiche
8067f6fa-1a3f-42b3-b76d-785bab478d28,binta-mamman
3201e73d-6f4a-49b0-92bf-6f8f54f0aed9,bismark-chuka-eneh
e4d6d4ea-90e0-44f0-a400-33cfed0bea16,bizi-gafo-maizabu
1afad2b4-6c56-45aa-b990-eca32b715f88,bobbo-bakoji-aliyu
b19b70ad-0793-4052-b9cf-ae1b0e264f74,bonzena-john-kizito
25d571aa-cde5-40a2-b832-bfadb8bcd7ab,buba-chiroma-alhaji
8d4f2a88-dfeb-4515-8a86-0ee09974389d,buba-musa
b0cb995c-89e8-4c0f-ba4d-1dbf81a6fc53,buba-saleh-maina
063f84a0-8169-4210-9933-21a9b50b374a,buba-siddi
50bb7d51-5d00-4350-af9d-dbe334d8e5d5,bukar-bulama
b8131199-6c84-401c-9690-4e53c768bf17,bukar-mustapha-dalatu
5e4d3b59-7ae4-4905-b028-92f56c64aff3,bukuni-dominic-nzinang
a8c05ef4-0a87-4276-b531-2406d01b21eb,bularafa-bunu-zanna
0bd75c78-a85b-4ef5-8610-683905f8029b,bunde-iyongo-torkuma
59f7871e-9565-4615-87f1-b8e5888ed42d,charity-friday-ido
727de494-73ee-43b2-8990-c9f28d7bf680,charles-daniel
9ced9f7e-f8ba-49fb-b7ed-356c2569664a,charles-ekpe
c7a7eedb-fd50-4db0-a968-7aa4ada7fa4a,charles-emetulu
02c81b83-fd1b-416c-bba2-d7b45e9b2862,chawaza-ayuba-ishaku
6d600238-059b-4339-92cc-55b56e2273c6,chemetyo-apine-damian
516e580a-e4a4-4519-baa2-9b318f2f1546,chidi-e-ejem
2b02d249-8c2b-46df-b791-6dd3f23a45d4,chidi-livinus-udemadu
56f1400b-ef70-4e93-88b5-b783052dca3f,chiekwu-arthur-ifeanyi
e00edf63-8bb8-42f3-a252-170b0fc1b631,chiji-chimezie-collins
91837991-b217-4641-9085-85c74b084c92,chijioke-ugwueze
1559fb5f-5c92-439f-89d0-90659f588c19,chikezie-chika-a
0a273327-e738-43c2-b976-584e260007a0,chikwendu-kalu
ae874d68-b1f2-421d-ae89-22ab9dfb318c,chinda-michael-o
4732ed45-00ec-4df8-998d-3b01cd439fa6,chinedu-nwamba
11a2a185-7e31-4048-8e84-0241a92e54f9,chinedu-okwu
28e8eacb-6df5-4597-8bce-9f4ee6a137da,chinedum-orji
94d5088d-a969-4894-a29d-756bf61776ce,chinwe-lilian-nwachukwu
17ec5626-a8d3-4672-adb8-8cbd489b8908,chris-njah-mbu-ogar
c29d1ede-0ae0-4783-be8a-b63ce094aac9,christian-usulor
0b7c4303-cb0f-4558-9888-db88be360b3c,christopher-adaji
cf139642-0a10-4b1c-847b-25de3f8a0796,chukwu-chijioke
51088ebd-5733-45f7-aa25-03f2f490cc1f,chukwudi-apugo
2dca6f39-f031-446b-86b3-d1743942a4ac,chukwuma-igwe
76dd317f-1b10-498f-bbe4-806bbfb75504,chukwuobasi-johnson
141b3fe1-4d1d-4a54-a6bf-a4d4f15d825a,cosmas-atabor
02b16c02-1f82-4892-ae98-362038dc04e1,crosby-osadolor-eribo
fb96d0f8-60d7-42f9-aacf-f135b51e2e75,cyratus-okoro
2d129392-930f-4d5b-8326-df13c1a05860,dahiru-ahmed
612f22c0-b9d1-44ac-a010-964a4b59fbb5,dalyop-gwottson-f
dd600858-7ece-4f14-b2f7-9b159766ff57,dan-bala-abdullahi
bff1adf2-ee33-48db-93d9-b80c5e65c231,dan-umma-bello
9c2e6628-c9e2-4cde-af1e-62ef4ba44853,daniel-nanbol-listick
92671183-e64c-4e01-99f8-1bc6040b8561,daniel-ogah-ogazi
545c1ef8-025e-4135-bba6-69f124947c0b,daniya-ranyi
e10981ba-2d7b-4e7d-a1a3-7066844dcae9,danladi-angulu-kwasu
56f1d8d6-9b71-4e19-a237-fc7977ed9ac9,danladi-jatau
4cca105a-9fcd-4acd-801f-460d3acb6f79,dasun-philip-peter
b2697216-4a40-47c6-a7a4-cf13e5f51376,david-lawrence-udofa
c1d70066-d345-4107-97cd-6d4e1adb829d,david-maiyaki
aaba0b4a-95c5-43f0-a961-24ef84257b43,davies-etta
e56dc118-4692-4a6f-be76-ff3fee377a42,dayyabu-shehu
bf60b771-dc9a-43a8-87f3-be8b109f7caa,desmond-elliot
10e3e191-2536-49cf-824b-cefa28d31951,desmond-iloabuchi-aniagu
577559ae-bba6-4bf7-b803-c42072abdb12,dewu-abdulkadir-umar
bd0bf428-113c-4f29-b1bc-03bf9e138dcb,diah-peter-abel
92889ef5-d228-41de-9ba9-e903cef2c501,dige-mohammed
2ea5c73f-1da0-48b7-81cd-92ca4e33856f,dikko-monday-samson
f1ff7783-213f-4bf3-99dd-6eb6d7afcebe,dinglok-adawa
e59df8f8-790f-4f98-813d-14eafa5bad9e,dogo-dala-adamu
c80b878b-7efa-4e79-89b4-4a3508166e88,dominic-ezerioha
441e5ae2-40f4-455c-8ea7-a36d9f3b39f4,douglas-nwachukwu
f4b9735e-8b73-4a41-a96e-27300307ad6d,douglas-samspon
6d0a4efe-8c50-4dc6-82c4-83af5b5e7551,dumez-onaiwu-ugiagbe
928d302f-853e-4a33-8501-a2bd768d913e,duru-iheonukara
db91997a-8944-4623-957f-396317455da4,duruji-lawrence
13f1b661-840e-40cf-8a7f-e006a5a03dd7,dusu-esther-simi
874aedc3-53d5-4f57-8692-560df6493d90,dutse-sule-musa
434608a5-de96-4c82-bb86-0a43e1cbb8fc,dyako-cephas-tauershima
34a301c5-7781-40ec-8e7f-bdf34b763549,edoh-abu-godwin
947b2117-888b-4c51-96ed-3f29b5a9b584,edoror-victor-sabor
4af660d3-277b-4699-8e8b-5e20ebd0a4d5,edward-ajang
977bbcf9-3042-48b0-a17b-b0a1bea5ff55,edward-irigha
08be26d4-c595-4e0a-8930-a7344c04200c,edward-uchenna-ubosi
acab665b-d908-4b3d-878b-90f3c1908559,efa-n-esua
c7637094-7ac4-4bb6-bf13-be85eaa254e6,effiong-okon-bassey
0c9c81d7-590b-4975-882e-57f5f25388d9,egwim-innocent-arthur
0f70fc89-67ea-4899-a8b0-31d7433e944b,egwuronu-obasi
ff24cee8-eeb8-48fd-84f0-c4ff60f62b25,ehie-ogerenye-edison
88343155-8c5d-4934-a775-c1e6c43bcbeb,ejiofor-ebele
8ede3f8d-e288-4fca-aec6-a711c50c1fd6,ekene-fredoline-nnodumele
eefd48f6-50da-422a-a968-8c8dae17455a,ekpo-ekpo-bassey
755f9ba7-e078-4ac1-9178-006e28bfadbc,elegbeleye-rasheed-olalekan
7dd0465d-3aa1-41ea-ae29-7e96cc94b6e8,elemefuro-teddy
9ce58647-1684-42a8-b9f0-a6bfe2649a72,elemide-oludaisi
9a1f74ab-8140-4c69-a10d-f9c7dc9f7eee,eli-uzoma-innocent
c9d9ccb0-5ed9-4f26-970f-1e8b624e273f,elizabeth-edem-ironbar
96bde047-fcae-4edd-b038-6cb422acfcaa,elvert-ayambem-ekom
49fed200-04e6-455e-b076-caac49bbeafd,emeka-aforka
c3d04107-3ca9-43c8-9063-38842be7ca15,emeka-nwaobi
d2ee38fd-0498-46b5-8d9e-b188b5b12bb7,emeka-okoroafor
b6748f1d-c4d6-414c-96d0-37c900d33014,emmanuel-a-sinebe
46324010-d46f-4149-b088-d8172c14eb30,emmanuel-c-ndubuisi
6d4d348f-f384-4fb7-ac87-d0d534f5df19,emmanuel-ekpenyong-bassey
f4a8c06e-b354-470c-a43a-6e1fe60afdb7,emmanuel-omoladun-agbaje
cdaf619d-5cad-4315-8a0f-cd78b1620ae7,emmanuel-ugwuerua
ab38a8eb-e162-4f58-9ef9-569954d51b37,enema-paul
23bac17f-62f1-422a-8849-2a06655c8d1f,eneme-tafarki-agbadu
4960dee0-c12c-44cf-b894-90cdb5de8894,enemi-george-a
76034989-250e-4ab4-895f-6f55d6d13157,engr-emmanuel-o-nwafor
be87d693-2ed3-4546-ab55-117fe2094926,engr-nwuruku-humphrey
f97663dd-f05a-44d4-89cd-81397e787e95,eric-allison-afeikhe-okaka
ffd7f2ad-e85f-466b-8f3b-d085d92fa245,eric-piangat-dakogol
0b0b726b-b014-4d05-961c-aef7e5f8a4e2,eteng-jonah-williams
b028fa2a-d101-44d7-b80a-e680be3f5ab8,ethel-oyibo-ugwuanyi
094f6e3e-cad3-4f21-9307-70a22d6ef7ca,evance-ochuko-ivwurie
c467f263-1349-4be8-ad7b-c9c55085b7d4,evans-bapakaye-bipi
1c2329f5-dd37-4ac6-b1c5-5a4991b24024,ezenwunne-fabian-c
753ab2e8-ee11-448a-aed7-61d5643a23c0,ezeudu-lawrence-c
4a7934eb-f9cd-4406-8ca2-af45fd2a3917,ezu-rizzy-ch
b9cd9a05-85d9-448a-806f-5d01ee65c885,fafi-wisdom
c8ce5ac1-de1f-4b29-80d6-d5c24d90bfb3,faisal-abbas
4d9b7189-8747-41c9-8828-34ae74a233e1,faruk-musa-dosara
5f8ab234-6890-4c8b-948e-b6b38cf2233e,faruku-aliyu
faf44815-3814-4c76-947f-be0e69464261,faruku-amadu
81c9b5d9-0252-45c6-9281-c8c2e1410799,fasuwa-abayomi-johnson
fd4514b6-380d-4807-8c97-80845bc73024,fatai-mojeed
5b93fdfb-ee59-4a2a-a6e8-3b9ecfe8ac7f,fatai-o-oluwa
9f233e11-b65c-4113-96f5-dd526fba5ef0,fatokun-ayotunde-o
4111f0f6-2ce3-4a88-95d0-7c4ac946e2b6,favour-semilore-tomomewo
e52093c9-d8de-49a1-870c-9c973d99dfe7,fawekun-babatunde
42d23269-089e-4121-89dd-9cf61b1af387,felemu-gudu-bankole
27e8ab1e-c24f-4562-9149-cba0771bb87c,felix-u-anirah
11fbea99-0420-47d3-bc42-3665eb069c37,ferguson-onwo
e845448e-c68f-4573-b07a-83e155f3b94a,festus-ayodele-adefiranye
4f6a1287-de5a-431a-a7ac-2b0d3692ae22,franca-okpo
e0b01060-4c42-4682-9248-fa35e0da4f5e,francis-a-adetunji
34db481b-01c2-4d47-b7a1-dd828a1d680f,francis-abumere-omoluimhen-okiye
3fd3a66b-dccb-4d88-a85a-d8f7aff2c3f9,francis-ogbonnaya-nwifuru
f2fb7c5f-120e-42d5-994a-022031f82400,francis-sampson-o
aa4d710f-a045-4384-b1b9-7e95d39bda76,frank-onyebuchi-ugboma
ea0c1914-bac5-49ea-9ec4-40114a5015dd,frederick-osim
4e0bc0cc-c0ad-4073-9c0c-2f1df95ee286,friday-osanebi
aa3565de-d5ab-49c9-8287-3b5a5b402297,gana-maina-digma
d3d2ce32-3372-424b-b62c-aaefefd04207,gande-atiku-liman
d3daaa77-4af7-4115-9cee-9bd4003b3d35,garba-ajiya-samson
51ae1b68-10cd-40dd-bf37-b559280d0f07,garba-hussaini
4acc1d14-6654-43c2-813b-eeb42e7d46ad,garba-shehu-fammar
c5543a76-683b-41ad-b19c-cee6e21cc736,garba-yau
3cba9fe7-ab26-4e59-aae8-b0ca79ccd76b,garba-yau-gwarmai
b1af5d6b-2625-4db5-b060-298418ef0e0a,gaule-yarima-ladan
53ecce37-5b12-4ae4-a6e8-749942888827,gayam-mohammed-umar-galadima
cfd2c966-b1e3-4ec6-a3d8-0491314f0f08,gazali-abubakar-wunti
b8d6854f-27b9-4b28-8d4c-47abad0dce4a,gbegudu-j-ololade
1402fe8b-3406-42f7-a8bf-8cd79152b5d3,gbolahan-o-yishawu
63b0b00d-5a10-46d4-b719-12bfeeca48db,gboyega-aribisogan
68d46e43-ddb6-49c7-83b0-e037aad71458,geoffrey-anayo-mbah
45b3ed4c-5980-4b10-a3c3-8a5a90fcaff4,george-ipalibo
6c2d0381-7b16-4c0a-835e-1aaaac17933f,ghali-garba
dc42e2e3-1611-4fb0-974a-7daa70f4f7f8,godwin-adiele
a1fbb237-a46a-436b-a2c5-d96c510407a6,godwin-james-ekpo
e5898401-54c8-42db-9cb6-6407616e8999,godwin-nnamdi-okafor
5905583d-f44c-4395-8f54-7d5780fcef28,gubio-moruma
e6e5a273-c7a9-46bb-98ea-a710f3fd5077,guwor-emomotimi-dennis
98ce0a8d-ee15-47f8-a985-b95a4ca6e1d3,gwampo-mohammed-d
7b083386-81dd-4b4d-ac46-ddb59018ca7f,habibu-labbo
ba802fdd-9df2-44dc-a136-f3406a8724cb,hakeem-shokunle
bdd39a58-a8da-4e0e-ab6d-e7926c53c009,haliru-aliyu
a49f4a0a-0cf9-46c3-b227-083c3f369180,haliru-buhari
90d73ea7-a01a-407a-8010-666f0df8d81d,hamisu-ibrahim
d58a493e-54fc-40ee-b2b8-1201ac259dd9,haruna-abiodun-wahab
5b58eb84-7ccf-40c6-b636-6c38ed7a13ac,haruna-aliyu-d-gyatin
b187f839-9d3a-4fbf-84ef-43b00f37a814,haruna-aliyu-yamel
fed56a3e-5343-45f4-9216-6b87ded19466,haruna-goma
c77d329c-3fc0-4b6f-a519-374d4e880d8f,haruna-inuwa-m
f040e050-3bac-425e-8f06-7571e330a78c,haruna-jkan-tikiri
4094bc71-ba71-4ccf-9940-e54b1fd15237,haruna-kukawa
421a341b-f58f-4382-ae1c-2509f1e220ba,haruna-shuaibu-adamu
cecd5a4f-7c56-4b1e-9ad8-ab1d1af33ee3,hassan-abdulkadir
5903d7f0-d026-46b0-b17e-91d9b3ff2b82,hassan-azeez
cf5f8968-ed98-4e40-94d5-33056bf0cb5b,hassan-mustapha-usman
565a9d67-1713-4596-9a59-12ad8770e04d,hassan-umar
0260f60f-2f5c-4ac3-83cc-4b9684391cba,hassan-usman-alto
28bb53f2-a949-4134-8f31-9d710091a1c5,hayatu-musa-dorawal-sallau
2d585565-e4cf-4563-80e2-0e8db954297b,henry-osamuede-ulame-okhuarobo
c5c09c58-36c7-4527-b4aa-8da376d395f2,henry-soembis-longs
a29d32b9-67d0-4d71-b95c-336fbfa4c028,hilary-ugwu
013afc5f-da1f-42cd-83d1-54aff6d40bea,hillary-e-bisong
3768a8aa-6ad9-4165-a769-b86b864555be,hussani-yabagi-akote
c7f2f8fd-0b55-4f44-82ec-854521dc319e,ibirogba-john-babatunde
c139b3ec-c2a1-4e02-ab27-7d5b01fed289,ibori-erhiatake
790f8a5a-c9ea-4a3d-9335-86bcfbda78ab,ibrahim-a-ismail
b0f61d87-ed3b-4f1c-87d4-ac7b5c04da16,ibrahim-baba-hassan
d29eb2af-0c70-4caf-94b6-62c5515579e8,ibrahim-balarabe-adbullahi
7971fa5c-4c0c-4525-af83-291b1cbe79c9,ibrahim-buba
86eb8894-fb52-4f67-853c-6e93d8420315,ibrahim-hussaini-kadeta
5fa4290e-5d81-41a1-b089-9232f42d6dd6,ibrahim-iliyasu
c50333a0-1aff-4ec2-b364-ebb459de76cc,ibrahim-isah-dandodo
370e9220-2807-4485-a2d3-8632a07af9a1,ibrahim-mohammed
2fc5619b-adbb-4849-9982-96a184443f33,ibrahim-mohammed-naidda
df26ef3b-137d-4841-b92d-1032882c9be7,ibrahim-musa
0655775e-f7f8-43a7-b2c7-4c5e0c7940d9,ibrahim-musa-inuwa
bc4c6d27-70aa-453e-ac99-b6e2b6e43dc2,ibrahim-o-layode
3ee02ba6-e7b6-477d-b859-e751aa94aacc,ibrahim-olatunbosun
a76c9702-a6d4-4639-b817-619e69c75ce6,ibrahim-peter-akwe
70545a19-3788-4414-b048-e4219c1fbcb6,ibrahim-umar-dikko
9af13e4b-0fad-40f0-9679-cdbcfe2d679f,ibuzor-edward
4922a558-5dee-4087-8d5f-9998d55acf50,idaiye-yekini-oisayemoje
2b0e73c5-622c-4d02-9994-b89d6259f6f9,idongesit-e-ntekpere
25ddc1ea-9c16-45d9-9d18-13b815d14ca0,idris-abubakar-abdullahi
779739cd-e5ea-4b57-90ff-abc6aff74d08,ifeanyi-uchendu
55183b43-f340-4139-8d8a-00e975165fa1,ifiok-okon-udoh
f504591b-93a3-415e-a770-95500f0a655b,igbadiwe-macdonald
0e7a49db-8ea3-4e0e-b12d-b280202a9e15,ignatius-asmau-m
1cd1b3ea-162f-4c66-ba96-b9e45bf6fc4a,igwe-noble
2735689f-b5a6-4b7d-a833-911dd4d03b21,igwe-obey-aforji
30999174-1eab-4317-a2ee-ec3341aab59f,ikechukwu-ezugwu
c0247577-4880-42c7-b55d-ff718788cb40,ikoro-kingsley-o
a9a17973-eeb5-4402-b43c-19f5a6585a1f,ikuinyi-owaji-ibani
f02fe781-821a-4043-800e-4f33b9d93e99,ingobere-abraham
6c7ae0cd-7140-45ad-8153-6eeba1f55713,iroju-ogundeji
e39c4b49-999a-4440-89c2-5a1c7f3190a3,isa-harisu-kebbe
faf98e24-2142-4ba1-bf6f-0517b2d8410b,isa-mohammed
a753775d-d691-4090-bf20-d41203b27e7c,isa-simon
69978ea0-b5a7-4055-a75e-c35d52e62d39,isa-umar
f25097ba-b1ca-4a36-877a-169e8c4d2156,isa-yahaya
1585e6fe-ee3a-4f14-8660-a10e06f3af51,isaac-auta-zankhai
7da24364-7738-4221-9e26-ea9b4bbeb62f,isaac-olushola-adams
8ffa5da4-87e3-48bd-94aa-64f39a319853,isah-idris
d2a3c2d7-2cf6-4bdf-992e-17da2ae2f943,isenah-tonye
60728413-48e0-4baf-85c6-1cbdd8efc452,isiaka-kazeem-tunde
185eb721-121a-4b1e-9206-4d342b638a2b,isiyaku-sani
0b5e142c-abbf-43d4-9abc-69c2eb1cde9b,ismaila-abdulmuminu-kamba
bb06d768-062f-43f0-9143-b3c77f2e47f8,ismaila-hudu-bala
9442b5a6-a71e-492f-8137-0774ee731b99,isyaku-ali-danja
54d7b3ba-2d1c-4507-9500-d31053bdcf8d,itam-v-abang
5e8cdcbb-1f64-4e7f-a836-82fa337f133c,iwuanyanwu-amarachi-chyna
54d627a7-65a9-47c2-bd02-f32678727ba1,izeze-reuben
9a5d4d7e-1d56-4759-8289-0dc59f1b6ff5,jabiru-yusuf-yau-yau
9765dc07-d0bd-49b0-9205-a37bc0a94e83,jacob-s-tsebe
6d203ff2-4b24-4380-8370-aed8d12e74ac,jagaba-danjuma-andrew
dbbf8080-5ae3-48ed-a263-7ded83490c32,james-akadu
b57b1b90-c971-486e-9421-07425afece32,jamiu-sulaiman-maito
530bfcc5-d7db-452e-8893-b6809d3bacf1,jamna-bong
49e3aa1b-3b39-4ef3-ba1d-13e043032fb8,jane-chiwendu
5a480f3e-7372-497c-b82f-9abf4ff52acf,jawa-mala-lawan
1053d5a8-5184-4a68-99c0-3ef6debb3748,jeremiah-ogonnaya-uzosike
55cd06a1-6548-45d7-a4b7-d82951f4ae10,jibril-ismail-falgore
274d8b7e-cf83-4bb8-841c-1e9a6957b98d,jibrin-ndagi-baba
d7e6cd82-c27d-4c77-b83a-a741f5b2800f,jimoh-ali-yusuf
0464a669-23d3-4193-85fa-5fe7df0ac174,jimoh-mulikat-abiola
e9e76cec-ed84-4d3f-9665-7f6c4b3a9ac4,jimoh-musa
bb3f4a38-98f2-4fb0-a6c2-31e215d8bf80,john-abah
85e0e7a4-09a9-4f27-ac7c-f96e7ce68e13,john-osewu
1f2a72a1-da20-45d0-bff3-ba2af7bfc707,joseph-archibong-bassey
4de429bf-ddda-435e-bbf7-e220213bade8,josephat-okika
de4ae72b-25fd-4787-89f7-e24f4e33069a,jubril-f-mohammed
5445543a-9acc-4af1-b1f7-28f7b6a7cb40,jude-emeka-idimogu
c6a6d67f-bf80-4d43-b600-f3f053683f18,kabiru-dauda
82cbc12c-e20b-4bf8-b9bd-4c9b99a83508,kabiru-hashimu
7ec62c42-e80e-43ea-959a-2b3ca6ab25ce,kabiru-hassan-dashi
37229151-85e2-4588-8dba-9a67e9eaca28,kabiru-isah
aa7dff73-5f57-4f31-8002-77356757abf3,kabiru-magaji
1907c7ff-603c-45b9-81b7-6f249666e0ed,kabiru-mijinyawa
e9cb1929-87b9-4ef9-969c-4b495178ba5f,kabiru-yusuf-ismail
4258d68a-7429-4b5f-83be-26c18738fc7d,kadira-sulaiman-musa
5d210443-9901-405c-9250-6556323efc54,kais-abdullahi
4b3f28df-3dd1-4b47-91a3-b5fe2476295b,kanayo-onyemachi
d940bcf4-c585-4e0b-aa92-1c7ac83ba9b0,kantiok-emmanuel-b
d58d87ba-1111-4362-a332-a8fa3ec09bb1,kardi-tulfugut-m
c222b1cd-ac18-4e41-9101-8be9d4ddf2b3,kasunmu-a-r
54b4ac83-cca7-454c-83fd-b63f277806f1,kaura-abbas-umar
78d612d1-7b53-427f-8173-cb68829f978c,kawule-danlami-ahmed
d5130cce-ffec-4e98-ada1-d92b40247f62,kawuwa-shehu-damina
667c1929-525a-4d0f-962b-a42ff9caea11,kazeem-olayanju
1c12315b-4ff2-4710-ac62-928bf469acfe,kefas-japhet
38b53732-a7f6-45a7-aeb9-a3aafca3d1f9,kehinde-joseph
a1590ae5-8e36-4e90-9735-e48640fa62e1,kelechi-nwogu
b59166ad-cf74-4843-a452-2ddfc9294e79,kelechi-onuzuruike
f4a0bf32-4cc0-43c7-8437-14300044d228,kenebai-bernard
88691494-1bfe-4298-820f-824584d6c2af,kennedy-c-ibeh
4615d1cf-50b6-49db-a8f6-499e580692ab,kennedy-njoku
fbdcbf37-902d-4aa5-a413-d2846ac99523,kenneth-edafe-ogba
f7af1d2b-8897-466a-99c8-9e609b4da15f,keriya-hassan-sherif
8c136906-a91a-47c4-985f-c57baea0c081,kingsley-ugabi
c030a441-ffec-4b38-a0d8-df6d695c1761,kofoworola-adewumi-babajide
017529a3-19a7-438d-85f6-6cb85237d7ca,koku-obiyai
5535d267-20fe-4d2b-a8fa-f98c38d7e122,komolafe-babatunde-festus
ffd160ab-1fc8-4b42-936f-1080b6ca914e,kufreabasi-edidem
75ce5ecd-c275-44aa-8ded-772bc3d27a67,kunini-joseph-albasu
4815a041-5e7f-479b-8ed1-cbc909e030cd,kwada-joseph-ayuba
a2d24a1d-32d6-4d6a-8458-ee1eb0696e3e,kwagh-kudi-terfa-thomas
3722ceca-6b6a-4679-b147-5357cff0afa2,kwapfuan-livinus-james
b5457766-2d90-4879-9992-a37bae08e594,labaran-abdul-madari
cd920699-6835-47d5-b365-1627e6bd52a3,lamidi-musefiu-olatunji
42b6d3b5-cb74-4e1c-874b-9ef51af47115,lateef-abiru
82a8abb7-a0da-4b14-869d-1f033d88e932,lateef-akanle
820a9e3b-ab58-4fb7-8970-691902c8a6a6,lawal-husain
dd2734b8-1886-4c96-950b-79b5f17a97b5,lawal-isa-kuraya
d2919c1d-b93c-49c2-a4ea-95fd1d31de9a,lawal-rabiu
1be0b153-c06f-4d1d-a38f-b143e9dce8ac,lawal-yaro-h
d7d00af7-404b-4b3d-a56b-b7c1919a54f3,lawan-haruna-gele
ff9f9183-464a-4c43-9f6c-6d76c776d575,lawan-inuwa-sani
73062f0e-f5b4-4e75-af11-23356c67553c,lawan-saminu-musa
ddde11e1-1df8-4f9c-a969-ec5887212bb6,lawan-shehu
229ed42a-5365-4f3c-b19d-b7dd102cc7eb,lilian-ngozi
863a666e-3683-49d2-a13f-e59c1cbf9989,lucas-oluwatoyin
0fae5753-40a2-493b-9229-10d1101461a1,luka-iliya-zhekaba
bcd15388-ed6e-4ab7-a5a9-3f0d3efd757c,mackondo-pwamwa-keno
94cced25-1e96-44fe-8030-3785f6cbf5f3,madaki-malik-bosso
e0b44465-6d1f-4733-aa8a-fe99e291b109,madu-emeka-linus
d721c4c4-3ae0-4904-8a1a-f2cee78500d0,magaji-a-olawoyin
efb0119f-ee23-4ed4-9e40-2662290c4527,magaji-abubakar
98f984c3-3420-4351-8e4d-5eca58cbd505,magani-abdullahi-g
19af96ec-5a88-42c5-b0d8-a7eaf4261b2c,maijankai-charles-abihuda
fccaac45-6e76-4705-a4c3-7738929ab39f,maikudi-gambo
0a4b6eac-d0d7-48be-bd7e-24b85430de48,maimata-mohammed-kabir
2949a8c0-fe13-4244-b12b-68de39be4012,maina-kachalla-aliyu
35734489-fa18-4740-a1f1-098505e243ab,maina-mustapha-garba
142b6fe2-2320-4cc9-9dc9-8a55c7f39b79,major-jack-m
a6ab4866-5701-4b98-a95d-ee71720311df,mallami-wakil
c037d60d-76a1-40ad-b577-2e6e177d411b,mansur-mohammed
1239f843-aa3d-4d47-8746-14abecec576c,manu-aliyu-baba
18fabc4e-fecf-42bb-abaa-95a92bec6df6,maol-dumle
0d8eb63d-565e-44b3-9cbc-484ff4c73a03,marafa-ahmed-guni
e2f7b96a-d9db-426c-b160-41e05333f091,marcus-iziegbeaya-onobun
6e58f6a4-8d1c-4328-8d55-5abd87b34c24,mark-bako-useni
056a95f0-1e1d-4663-ab49-2b71f34bce3c,mark-udo-esset
e813538d-8236-47b8-a109-735b3607163f,martin-amaewhule-chike
5835572b-c005-4314-9896-e6bb08df2f4c,mary-onyinye-ugwu
f74a2ee6-6c09-45c3-8717-66c4758d4167,mathew-dike
95b951a1-0d26-44ce-bd71-b9da0225d91e,mathew-p-opuoru
ff476520-bd8d-4d2b-ab78-9cfc281d659c,matthew-o-kolawole
0a21d35c-1b9c-49a6-b29a-2be5bb3675e2,matthew-olory
24834a25-36a4-40b1-bfe8-758edc98f2f6,mfon-frank-idung
4729a526-d314-4d0f-81e2-5ef50059274d,michael-imorhin-ohio-ezomo
c04f936c-dc74-4d94-b2bc-a10f94530a27,micheal-audu
c77dbfa1-17f5-4101-8c36-2ac69846b6c8,miko-musa
fa41b351-d0b8-4560-b4c9-72d9fb3b35be,mirwa-ahmed-lawan
1df70529-05c1-4799-a990-69cc95a5517f,mngutyo-b-bem
6dabfa4d-4329-41cb-a896-c9748d99d75d,mobaje-razak
597d152d-f015-4823-af7e-59aec7701b0c,modachi-habibu-halilu
a608666d-b605-4270-8eb2-fcdf6a325ded,mohammad-haru
06095246-e592-487d-a39a-a66d74a98da5,mohammed-abba-bala
0a65da05-2e49-481d-ba3a-f0aaaa79a8ee,mohammed-abdulahi-adamu
9254d36a-6b0d-4e4a-9cd3-e3ea643f194a,mohammed-abubakar-lolo
f5697560-6cf2-4b58-a448-102417d36f90,mohammed-adamu-omadefu
8636e30e-ea4a-4551-993e-6e53faa677ff,mohammed-alhaji-haruna
adcd358c-60f7-413f-bd29-a48659720a99,mohammed-ali
5661e156-f00d-475d-8593-6569f43c5020,mohammed-aminu-achida
b6f72fa4-2a96-4dc2-bc2c-7de88ab5b888,mohammed-bashir-abdullahi-lokogoma
b78208e9-13d7-413b-ab7a-13efbb3a8f99,mohammed-bello-isa
b984ffee-5ad0-4da7-8492-851ab53efed4,mohammed-gambomi-marte
fbbfe9f3-39a9-418c-9dc7-63c3f843bc8c,mohammed-hassan
4868f9d6-1ba5-4254-9f12-e3c5385d49ad,mohammed-ibrahim-aga-muluku
a91e1980-0399-47ab-9c35-d1a75e681897,mohammed-ibrahim-alkali
a3f2b968-6061-4fa0-9d76-b1ab6764d011,mohammed-lawan-garba
524b6d44-3ab3-4d0c-a389-f32482cba2c2,mohammed-malami-ahmed
627281e0-ee85-441f-9ffd-dd83110d6725,mohammed-mutawalli-alhaji
02b3c513-fe4d-47a0-91d4-4467deda69c9,mohammed-saidu
37dc06da-d36b-4a55-9a2d-4f744e26d403,mohammed-saleh
c4f4409f-0830-4322-8db5-c090ababe134,mohammed-samaila
b0672d39-371c-4cfc-8c36-5ca17bf13db9,mohammed-taofik-oladele
5cd32b63-2935-4897-ab27-b8c8d5c9a9d4,mohammed-tukur
03d2ff7a-ffd6-4182-b418-7cdc8259efda,mohammed-usman
2f80818c-8870-450b-9b1b-85b494792fe8,mohammed-zakariya
8e7b1c46-84a1-4d7e-baf6-aa38f9886cb9,mojisola-alli-macaulay
7390e289-b5ee-406d-8b92-0c813170cf16,mojisola-meranda
a24370e7-8a98-4d05-a1a4-2ed1166868ba,morondia-tanko
e0d3e246-75da-476b-845a-30a497153d8c,moses-ije-odunwa
a9c9c4ab-2740-4481-88c4-9e31ef961749,moses-onowakpo-anaughe
27684b19-9194-4096-ac24-14b8c3c65443,moshood-osun
0b70ef8d-acfb-4beb-8005-9c13beb390e8,muazzam-el-yakub
953a8bd2-61d7-4b7d-befb-5aa3b6c869ff,mudashiru-ajayi-obasa
af8e0963-63a9-4e03-9710-999275cabbf7,mudassir-ibrahim
2e91c463-7f79-45c5-963b-802c48a5d1f4,muhammad-bello-butu-butu
84b916ce-e44e-45e9-a860-d3cff98a9bd7,muhammad-bello-idris
fad67912-7fef-412a-bb09-25ca42e5b188,muhammad-g-ahmad
878d3709-fabc-48a2-ad14-a0925caf1ef0,muhammad-s-garba-tiggi
451fd60d-dc92-4825-976c-f1ec79fa1ef2,muhammad-sirajo-kantoga
a368e1ca-388a-4dd8-959e-fb86a622613d,muhammad-uba-gurjiya
5321f768-6ca1-435c-8402-648650820966,muhammadu-abubakar-hamisu
9c31f7b9-c075-49eb-9f69-e17922e15635,muhammed-baba-saliu
c718f935-02fb-4143-a25f-5c5504f33946,muhammed-babayo
262c28aa-6946-4213-994b-02f27d2b84db,muhammed-buhari-aliero
c64ca8a1-c72d-498c-b1e7-d1e0ee43d40b,mujota-modupe-onikepo
985c7a06-417f-4df8-b37d-b135b26c3853,mukhtar-isa-hazo
e2699efb-da84-4922-abd2-cd9c5b628551,mukhtar-sulaiman-a
7b11c8c1-3dd6-4613-ab21-5ee48ffc283e,munachim-i-alozie
a3a1a92f-cb7e-4600-a235-b2d6d835fd8e,munalayefa-gibson
9cfaf7d5-5782-496a-b313-5c8920219d5a,murtala-adamu-badaru
8a503ca1-e22f-4584-ac68-4b58a79f857c,murtala-bello-maigona
32337134-3edb-43e1-be08-499b84f864b5,murtala-musa-kore
291a0364-69d8-4c84-8e20-e147fcbff674,musa-agah-avia
67f1a71c-9d82-49a3-94bb-a0bc40eaf804,musa-ali-kachako
e0f698b2-93fa-4f7e-b620-9e031d839de2,musa-aliyu-namaigora
47829865-8c9a-4727-a890-acba7fce8d35,musa-atajachi
6d31c89f-0776-4892-87ef-242e712d813b,musa-bawa-musa
e78d72fd-7faf-49bc-a130-327eba78a99a,musa-idris-vatsa
677e6c36-801e-4c64-9df6-fd03ff5c85e8,musa-mantai-baraza
d15237df-3497-48e2-ab55-7040a552aae9,musa-mohammed-lumo
6dd348ed-22c5-4534-8834-7c91fe9c165b,musa-nuhu-abdullahi
b8cfc3b6-086a-4e94-8176-dbf9eb6f3502,musa-salihu
7ac241c1-d7cc-4fe2-bf41-b8398bf8f2f9,musa-suleiman-nasko
a9675b08-2aa1-44d4-9572-fe1da4690438,musa-umaru-bororo
fd98dd49-8a82-487f-ae45-8d214a0c0bc4,mustainu-tobun
0916c7f6-36ab-4784-84da-f35a85a481c0,mustapha-abdullahi
7680be82-9c40-463a-92d9-c9b8ad032920,mustapha-abdullhi
14c46e4a-fc53-4124-857d-abb95756d236,mustapha-alhaji-bukar
4b384902-496e-44ca-9a33-c34f8bbfd47e,mustapha-ali-benisheik
fb22b122-da2c-49b1-a6c1-2d0392860e94,mustapha-rabe-musa
80ff53d9-2f1f-404b-b21c-484b5f430e55,mustapha-sani-bello
b218adee-b6b0-4b64-baec-c857ee75394a,mustapha-yusuf
415c4caf-ab51-464a-99fc-0a85bb43e73f,myandasa-bauna
041f126e-b5c3-4638-9cce-cb4eb585ac60,naanlong-gapyil-daniel
ac85d680-7400-4828-a142-cdf929c43675,nakwada-wakilli-musa
fcaae069-9738-4ce0-9741-3c450841872b,nashon-umar-g
ad7f0cf7-2218-4337-ad1e-70637101510e,nasir-yahaya
7dedfa1b-4547-4460-b2af-3fd7898fd18d,nasiru-abdulkarim
29575988-e0a2-4ffe-ab9c-9fbb06cc7e15,nasiru-abdullahi
bef07aa8-7f7d-4815-b6a4-d22037634098,nasiru-atiku
cf00ec65-8907-4884-a79a-8091799fe5fe,nasiru-bello-lawal
5bf94d18-fd71-40b7-8536-8f44804d0581,nasiru-mohammed
220b72eb-b80e-4216-aaf1-debaceaec3dc,nasiru-muazu
62e7fca9-48f1-484a-b00a-6c4579f7bbb3,nathaniel-uwaji
d653fe98-ca2d-4c15-a9b6-b94cbef14dd4,nda-musa-muhammed
8946fbe5-adce-475c-bac9-89d4b1295dfe,ndako-idris
5479e07b-a4ae-4044-a902-c16aefb0d8a5,nehemiah-tsentse
939dc6df-9669-4d89-828b-e69c6f552f89,ngene-samuel-okechukwu
aac66499-b939-42e1-9c91-45b9e1b0cd84,njoku-micheal-onyemaechi
c32a85f3-d5f6-4298-b3ad-a3f37a94065f,nkasi-e-cynthia
c9a079c6-3a08-4d40-bb1e-f426b7a903dd,nnamdi-allen
6588b001-b987-491a-9930-ffe54a87619d,noheem-babatunde
f47ff61b-b200-48f9-9fc9-c32768c14a9d,nosayaba-okunbor
5223437c-4760-42bb-b6db-ac11b921de59,nse-udofot-essien
f577c74f-8e15-4b7d-a44c-83f7ce4265cd,nuhu-abdullahi-achika
047a00c3-7612-4a55-ae7f-9f7cd002471d,nura-daihiru
4abbdc6e-1ba3-4ccc-be6f-969d65744d32,nuruddeen-alhassan-ahmed
2040feef-30b4-4997-8cb5-033653c25c8a,nurudeen-solaja-saka
51ba81c8-48a8-4a1e-9591-8d0ae5166a14,nwaneri-chigozie
a9961ca8-8a30-445e-b13c-b26eaf3ee863,nwankwo-promise-c
4a98d740-41f9-4e66-93b1-49adf6cd1247,nwegede-anthony-o
b8689392-a11e-4758-8217-4a21545885d9,nwokoye-john-i
16b35335-9c56-4128-a0a2-d97cad19d26c,nwuhuo-linus-friday
7915a704-872b-41da-af35-be936ddb2277,obiefule-ngozi-sylvia
9adfc3ba-bbe0-4030-a64e-956e29f65dc2,obieze-chima-emmanuel
139ca01f-2f79-447f-a7f4-3ec937238e60,obimma-charles-c
77d52271-2266-47d9-b0c3-06e68dff17a5,obinna-chris-emeneka
bbd8e69d-2fa4-46cb-86d5-5745032a2790,obinna-edward-iheukwumere
7fc36115-fce3-4065-94d3-69bb5108db9a,obinna-ichita-martin
66883f1d-fa7c-49d2-b675-3989c0b7afa6,obinna-okwara
ff4f6c77-ed00-439e-b5e6-18ca1e692a22,obolo-bubou
9d29f181-5d5a-4c37-a76a-48e40d19ce73,obordor-mitema
da9c0c36-763a-4734-b852-d4173c6c4564,ochor-christopher
95ab610f-4338-4760-bb45-649a0a2447c8,odefa-obasi-odefa
a05f22d0-04ae-45b6-9c6b-84f57c2fab6b,odeh-johnson-baba
204fba04-7d22-4c96-85dc-3667a49b84f5,odey-peter-agbe
12b224f9-0375-406e-a279-bafa3e9943ca,ododo-edoko
57aa3877-e83d-467a-98f5-585a85b175f8,odudoh-a-uduak
0d45012f-b886-43d5-8d90-d1094bdbb210,oduwole-kemi-olaitan
8fc52cfd-c5cf-4b9e-a794-209db1d83edd,ofem-e-nelson
fb60c70f-9d91-42d5-8c7f-c46673e713f0,offor-onyebuchi
705ea31a-01b4-4425-9b1e-da9fe936caf2,oforji-oboku
5a17d4e5-7332-49c8-95f9-47a60bdde55c,ogbere-michael
620b1486-f509-43f7-898b-caa250e94136,ogbor-ogbor-udop
420959da-8a34-42c4-ab5d-fc39d86f172c,ogbu-steve-otumala
57e10366-9d0b-4754-9648-0c3895028068,ogbunikpa-samuel-chidi
2b247db2-516e-49b0-84ac-1cf837b7c640,ogoli-naomi
3d762f66-e572-4dc3-ac17-de9128307eaa,ogundipe-benjamin-olugbenga
fbfc3d47-2f6f-4dbb-a2bc-8e2eaf41550a,ogundoyin-debo-edward
56a88f7b-7dd2-4264-b94c-249ecc88e8dc,ogunkanmi-abidemi-gbenga
db81730b-6561-44f9-aac0-79a84cec6a90,ogunkelu-sylvester
bff803ee-8d0b-4998-9f53-b14ea89d9a91,ogunmolasuyi-oluwole-e
47c8eb8c-5f91-4929-8562-d6b1fbce6891,ojedokun-peter
e09b7209-a41a-47d6-a958-9d6888778caf,ojiezele-osezua-sunday
6397c135-5a5d-48cb-95f0-28b12ca707b1,ojo-ademola
c90d395e-489b-4842-be20-df59449495f0,ojo-desmond-babatunde-olumide
a08f0c8d-55a3-4c8e-a2d9-d577009ff799,ojo-olayiwola-oyebode
3fd0c16b-8f5e-4e63-835e-ad698306d670,okafor-nonso-peter
98c2f91e-f473-4808-95ca-11b7d923590a,okagben-ewere-christopher
5dd448b2-00f6-4cfb-94ec-389999cc8fbf,okanga-joseph-okponya
0de94f29-f809-4a69-9b06-3586043b1ddb,okechukwu-ejike-a
0280470c-92c7-486b-aea8-4567b9090c0c,okechukwu-i-okoye
9a0522b3-8281-4abe-9b79-e99e3718a114,okedoyin-femi
bddc005f-c2c6-4ab7-bf5d-3dfd3a0a615e,okereke-tochi-s
26741fa2-1bc3-43de-b443-bda7c075360d,okey-igwe
463f0692-0331-491b-8903-0e2e4409774a,okoduwa-emma-ewah
8595e333-e0c3-4af5-af2d-3709cd9b4c37,okoh-festus
b08d77dc-7c83-442a-aecd-779985c9dfd0,okon-asukwo-frank
5dcf7058-ae62-436e-af2d-8a95644aba4c,okon-edem-ephraim
75accea1-6045-4ceb-812d-ab00538b9405,okoye-pius-chukwuma
8a68314c-5292-41a5-818f-a55de9d8528c,okpechi-friday-g
9abb49b7-49cf-4636-8ce9-d4ed87928e05,okpokiri-nwanaka-okpokiri
a1fdf83d-2552-427e-8055-28c88e1f7ef9,okpoku-odege-muhammad
f0347981-fdff-490b-818e-6ab714be515b,oladeji-bimbo-olawunmi
402fd3ec-4034-4a5b-af4b-2e7de4f61683,olajide-david-sunday
2b91769f-44be-4f8e-b7ad-d310fbe4d43d,olamide-oladiji-adesanmi
1421df2b-5022-44f3-a918-becbae2dee68,olamide-olagoke
70bcacf5-1cb8-40bd-9b85-b17d9b00df04,olanrewaju-afinni
4d219f9d-65d5-4fac-9629-303b3ab2bcee,olanrewaju-maruf-ajibola
44fae93d-b6d0-402c-92c6-edaa0319add4,olateju-nasiru-babatunde
3f68e02c-10c9-4aab-89fe-3b7b701b10aa,olatunde-kehinde
dbbe4c98-9923-4954-88af-e5845abbcefa,olatunji-babatunde-lekan
ddbb85c9-b1d0-4f4d-ad00-9d9fde5341f2,olatunji-joseph
bb58078e-1e8a-4edb-8d87-2a2f669c8a0c,oleyelogun-bamidele-david
6dc78ea5-356c-4b57-8e60-ec1abaaad569,oliver-osi
2a185d46-6376-4c37-8e12-0ee47ce339c6,olodo-taiwo-adebayo
3d58b920-981e-4883-bd13-2f13fa26e83d,ololo-ebi-ben
5b63dca1-2949-4daf-a4b2-e8ed22e08135,olubunmi-adelugba
48c78615-4d27-482e-860f-a0f367f9e6ce,oludare-oluwatimileyin-kadiri
8e3ac50d-91d4-4037-b9b8-81acc8ef80d6,olugbenga-akinola-omole
720e4435-d18f-4088-be43-c51a0c82bdeb,olumo-kilani
df9b1fbe-6cc9-48c8-b553-a87a75f91662,olumoh-lukman
d5aaf00e-90e1-4100-ba96-0b895235d807,olumuyiwa-jimoh
878765d7-9fbb-49f1-a9bd-076aab610607,oluomo-olakunle-taiwo
4bdc7da7-cc72-4950-9a89-603c84437dd0,olusegun-akande
a700faf5-e7c9-4aae-ad36-c9306466734d,oluseyi-adisa
7dda6577-7063-4595-84f2-ec93573a89be,oluwafemi-fowokannu
3523c99b-03bc-4a3d-ba90-41fff1d62bd5,oluyede-olushola-feyide
c45de7af-af04-43c4-a2eb-56c06f3aeec4,oluyinka-ogundimu
0de8d734-1dd2-475c-ae4a-a02ad82e4141,omubo-ayonatiminyo
6120edff-9a17-414e-909c-c88c872ac690,onah-chinedu-ogba
8e3839b5-9a5f-45f9-8103-732e5a5cbd07,onche-peter
7594d66e-d8c7-495a-8428-8d1459bb7573,oniyere-charles-whomrouho
064a6590-6562-4715-953c-9967ca2348b6,onoh-ibenaku-harford
88f8f2e3-109f-4255-8e71-1e03a53e332d,onu-nwonye
0156868b-1643-4eef-b803-d8207b994fd7,onuma-nkemka-okoro
4fe4b9ec-c957-4ea4-aeec-a3f029bb3d8a,onwudiwe-jovita
c1512839-cf82-4d35-8e5e-9ee14a740321,onwusibe-ginger
532a45c4-5dec-46e6-8475-4a7b381638f7,onyekanma-okechukwu-chinedu
c829572c-4efe-44f3-9840-3d2d50bc8457,onyekwere-m-ukoha
217284de-0a15-476c-ac0d-7397785feb59,onyinke-godbless
10542f66-6fb4-4be6-8bf8-00fa05ea9e9e,opuende-lolo-isaiah
df6f472e-a055-4f6d-bf77-eb518b466f6f,opurum-iroanya
52e1dd37-1323-4656-b192-ac0fc1fdb81d,orban-jacob-terungwa
d6485ed2-e50b-4cab-8a9f-6002602df27a,osatuyi-yemi
7e3b492a-2b72-4c58-97c9-1fda3e7030af,osho-solomon-oluwaseyi
094614d1-4aa3-460a-875b-9667709d7046,oshomah-ahmed
7fb2e1c2-fd30-49a8-a01b-acd3c224552a,osifo-osa-washington
2dcbfb9e-8ed8-44f1-bbd1-3959abd6e2b8,otobong-e-bob
976f0efa-d8ab-4570-aaa9-95905e5d73dd,otuibe-samuel-n
f9c20099-043e-4783-84c2-6bd761cde3d8,owolabi-olushola
22eba788-a200-4e51-8c1e-d3cedfbf2b23,owolabi-razak
e059018d-bfd3-4351-b291-30dcdf3c79bf,oyedeji-ganiyu-alani
b98bb2b7-9364-4372-aad8-2ede9a587a92,oyekunle-fola-s
bca2c870-97eb-472b-bbff-1e407887181b,oyekunle-israel-adekunle
65c0c754-5987-4b16-bb9a-0f75d37aa152,oyeleke-simon-adegbola
20e86eb4-8bab-4fba-875f-75c14d9d4cee,party-to-submit-name
383d5049-380f-41ca-9ec6-e74e29ff1f6a,paschal-okolie
255cddab-2e5c-4f80-a810-44c77a53e15d,pata-adamu-sale
5d82bb43-56d6-4869-ac0a-83ddcc126ae7,paul-emeziem
0dbfad55-3797-4c91-8bec-c70d1e4b9cbb,paul-nnajiofor
7ac898c0-96d0-4164-b353-5e906d743599,paul-taribo
1eb0dc38-fb65-4637-accd-610a51da394f,peter-ibrahim-gyendeng
2ad24b34-4e17-4c1a-81bd-138a0800ef1a,peter-okagbare-u
a582747d-380c-4d8b-83b0-4b0013cb5687,peter-patrick-enemari
7180960d-e32a-4cea-9329-f38052c7b40b,philip-ejiogu
ab18140f-2835-40e6-bc93-cd2c2e051059,pirfa-jingfa-tyem
6eba7821-45b0-40ad-a41c-9619cab0fa49,popoola-ademola-o
22e8b317-7899-487c-905d-a260142b6287,popoola-saheed
299b1b56-1529-4789-aaca-a56f316a4c4b,popoola-simeon-olufemi
94994556-d7b1-4129-8823-8cd12e7113d1,porri-tare
ef24bd37-62fe-4e22-ba38-e85dc38b762b,preyor-oboro
06ccea50-a7d3-4484-b610-008b18ac6fb3,prince-ngbor
59da68e8-ae4b-4c6a-9509-8db199c594c1,princess-ajidua-p
f4c895db-cc8b-4e41-b263-125ea5b1ba35,princess-felicia-bassey
b7064516-0c95-4009-83c1-cdd78fd0ba8b,pullah-ekpotuayekin
95e99271-6ac9-4bc0-bd52-d9e510a8a0e8,raheem-a-kazeem
27df3e21-5278-44f8-8703-50c14039e443,rambi-ibrahim-ayala
9c9c7ab5-366d-4ab2-8eaa-b56c03cc346e,randa-abdullahi-muhammad
5a34c1a6-35bb-4da0-9c9e-5c473dd0004f,raphael-olalekan
aadeb9f3-c52f-4862-8eea-beca86f0d445,rasheed-l-makinde
f06c1e89-8f3b-4b00-a9a9-3ee019c679ef,rauf-olawale
085883e4-ed95-4184-9798-4899c0719845,raymond-kate-m
c614eabe-027c-41f8-b32a-fa317bedf213,regina-anyogo
33e05cce-2add-4b46-aedb-34ae46212e51,reuben-awoyemi
823fee69-1f2a-4a07-ab36-8157359868b4,rilwanu-aminu
cb4e9e6e-2f64-4aec-9867-93d0850d40b8,romo-sule-hantsi
2cdbd86b-b92d-4148-8f2b-7a6939730592,rotimi-olowo
21f0ea4e-bd59-4048-a40d-50a11d0fdae6,sabo-pius
8e68baf5-548a-4664-972d-6a509d805e95,sadam-bello-sale
06cd1a4f-157d-45e3-8d93-238a9d7a102c,sade-sabo-bako
d404088f-0cd5-4103-92f8-6b329d20c654,sagir-zubairu
623318f9-7d97-4a49-8e73-745a3a714c5c,sahabi-umaru
edece82c-0585-44d7-b8af-5bc23685e0e9,saidu-n-ibrahim
66c3d65b-6b67-47f4-b866-a05f2b7c5910,sajo-hamidu-a
d7394f94-a955-4f46-a130-2a80c903d6a8,salahu-afolabi-ganiu
974bf99e-1c70-497f-bf44-c7048c3084be,sale-ahmed-marke
28b90beb-31f5-4af9-a642-f7f88adbd48a,sale-baba-a
30dc2abc-0715-45ee-9ff3-395fe28c0426,sale-hodi-jibir
b5a53616-5bde-42e3-9d5c-943edd159063,sale-ibrahim-a
a230ab5e-8946-4a0c-97e7-14d0275128f4,saleh-shehu-yipmong
b0300216-9569-4406-88b0-f6d841e9e863,salihu-maikasuwa-dangoje
8e633bb2-4117-4000-accf-4d6f265aa184,salihu-mohammed-tama
09f0a2bc-ea21-4b61-8879-0a1d1056cc4b,salihu-usman-zurmi
fa7d31d7-8188-465b-83f3-325ad12715ae,salisu-danazumi-mohd
a68a9aef-4ec9-4c29-8cc2-123723a99050,salisu-dandada-bala
343b2b8f-f119-4037-82c3-977c997ffda9,salisu-hamza-rimaya
c8b2fb27-6b0d-4220-9ab2-0ca384fca7dc,salisu-ibrahim-muhammad
6e8dd075-01af-4b5c-b002-65acf671e3c1,salisu-isah
aed68ffa-310f-406f-a7b6-3ca4cc7971c2,salisu-maje-ahmed
dff0d628-8241-42c2-bef2-0a6db41badc6,saliu-yakubu
90330566-c6ac-439a-8346-b17bf8be7c59,samaila-salihu-bui
34dbaf88-73f1-4771-8369-c3455405cb7c,saminu-ridwan-gbadamosi
34566de3-ed83-47e6-a0dc-1001962bcc91,samuel-markus
cbc53e6e-6544-417b-a40b-ff6c5f7a389c,samuel-ogeh
ef9a2dc5-e30d-4285-9804-66b68da73982,sanai-o-agunbiade
7539d434-4616-4bd2-b38f-aee0917239af,sangodara-rotimi
e095347a-57a9-4012-abf0-f511bd750f0c,sani-dahiru
7dc78330-b997-4269-b08c-e4c927cf61df,sani-ishaku-audu
64b262a0-a1ec-47aa-b883-34076f7d1726,sani-isyaku-abubakar
d2d2a078-9944-49d9-b917-a21a14ea1186,sani-lawal
87a835fc-8ebf-42a4-b2ba-fb712091c81e,sani-sale-zaburan
e3c2fc85-7d07-445e-81ab-07442d60ec1a,sani-yusuf-rukubalo
254d3c27-127f-4b1c-9ed2-b46d59f98851,sanni-babatunde
0d59803a-cb83-442e-a4c4-c1012ea73da8,sanyina-mode-ladan
a0b92d06-2cd6-442b-b7d7-6842e3e93e20,sarki-ibrahim-arzika
35c65d48-6d10-4ad5-abb4-d96a20952efa,seid-aliyu-oshiomhole
231f0e65-cdb1-4432-af8b-97d31d9f6761,setonji-s-david
59e90887-8019-4978-8d50-c01c10d93270,shafiu-dama
00bdec57-7a79-429c-9d18-f4a60fe2d243,shamsudeen-abubakar-dabai
ec124ee5-81d1-4e7c-8923-63f159a2829b,shamudeen-hassan
534f2183-8a8f-4472-9dda-07c0ab69cbf7,shedrack-rapu
4d5cdefb-f103-4b4f-85ee-ec08823e2ad9,shehu-amodu
b88e1026-60d8-4cc4-9b36-fb04b601315b,shehu-dalhatu
0a3bd4f4-c8fa-4790-9c7f-54f02961fc28,shehu-yabo-abubakar
4ec5e050-eea9-46a5-95d4-ac899d2172b6,shehu-yunusa
0ec9a799-32ec-40b2-9a48-49900c164623,sheriff-oborewori
e0a95ad5-3bb3-411f-896a-268304db16bc,shuaibu-inuwa
462d9e57-b978-4b61-b5d1-66a30fe255e6,shuaibu-babas
bfe4948d-b4c1-48b9-bdf7-894cbd1be9b6,shuaibu-musa
9aa698ba-64da-412b-88b1-61b523654fd1,sikiratu-ajibola-o
6cfaa90b-18cf-4348-ad9f-412bf75b3df5,simeon-toluwani-borokini
427a4e6f-d728-4cbe-8860-20677b9d6fcc,sir-peter-c-n-ibida
d826200f-3939-48fb-8a4e-30dcf0df1a71,smart-tonye-adoki
77a5ac0d-80fa-4087-bc41-ec6e3ed8dee0,sobukanla-olakunle
a33ff4b9-c9d6-4123-94f2-b26bfed7434e,sokolo-solomon-kirifah
024b2e90-a3fb-4398-8a9a-2167df6a7094,solomon-akpulonu-u
22b7d3d6-eb7b-44ee-8c28-d3841c4e3456,solomon-ighrakpata
bc16c88c-252c-4535-a5ac-6688e1118305,solomon-wani
ef6260f3-62b0-4479-a0d8-27700450db2e,somtochukwu-udeze
e192c721-f077-4617-b8ae-641b9d841bfd,soneye-damilola-kayode
1061a2f4-5601-4082-9952-f90ab91d28e0,sonny-f-ozobialu
a685f531-6057-439d-8004-278cbff74c59,stanley-nwabuisi
25a98e9d-785b-45d9-a804-1734161762a8,stephen-akanfe-o
de29df72-e531-4247-9757-b8ca75afc93b,stewart-linda-s
973261c1-bc16-45f7-ab52-56492933b301,success-torhukerhijo
f338c8ab-f1c3-4616-bc94-f76a86a6b900,sugh-abanyi
3cb09864-7898-4f0c-bb37-ad5a0222f706,sulaiman-abbas
547dc663-4611-448d-8144-7b73871058e9,sulaiman-abdulaziz-danladi
a4a21bc9-eada-46cc-bec6-0bdddfaf617f,suleiman-gambo-rabiu
0e2b5329-d581-4b5e-84cd-64c41e8bddfe,suleiman-ibrahim-dabo
7d013273-46ff-4098-99b9-56244e092bba,sunday-achunekang
11381d42-8617-470c-9639-2a2c8fbee3ac,sunday-aghedo
a5a40b7f-91e0-4cc1-bb97-de9474401d98,sunusi-usman-bataiya
6a6eacdb-9774-4013-a053-f378cfb02c14,surajo-sani
cefef645-d6aa-4287-a9d5-e964b68eff5a,tafida-nasiru-usman
a78b0fef-7d08-4c29-a82f-2aacb8f28329,tajudeen-akingbolu
8f365ebe-1c40-44fc-8937-0cc818d3a8df,tanimu-musa
11cd87eb-2c52-4c63-af7d-afaaac75066d,tanko-abubakar
51f4809c-88ed-4658-9bae-e7cd1b1567c5,tasiu-musa-maigari
b9d18b2d-138c-4e5f-ad14-89c6ff71013b,tasiu-ibrahim-zabainawa
c1dfbda5-358b-456d-b006-0a64c6412757,teju-okuyiga
29d40624-6bd9-423e-bf87-5f568ae43481,terna-achir
c7e84e84-3895-40cf-bcd0-b205358a5854,tertsea-gbiseh
729101d6-401b-4196-a0e5-0dfa9eec5593,terwase-aondokaa
115e6079-361a-43a8-bf05-2bf84b1f93fe,thomas-mlanga
87536938-7fee-427f-a35a-b098c23a1fe2,thomas-nkoro-ac
9320968b-305e-4ace-82c7-34c297a7a887,tijani-suraju
39c0e079-d330-41dc-a559-7c532886b325,tijjani-mohammed-aliyu
a0809956-a6da-4f52-8a07-8b2bbf13c230,tim-owhefere
7fa5513d-2a1c-44a4-9365-f410b03608b2,timothy-dantong
cd0d5ad9-a6f2-444b-9815-38afd6bbc56a,timothy-ifedioranma
ae17c7e1-ba7e-49a7-9965-657fb94ad3db,timothy-owoeye
ef9b5115-3f40-4e1c-a912-5b7d1ea055b8,tomide-leonard-akinribido
ed032cb8-e74f-4327-9036-30ab0b462387,tony-ejiogu-uchechukwu
295c7855-babd-4b33-b6ca-7e097e8682aa,tope-ogunleye
fb53ceb4-3bd4-4d1a-a79a-af2cc5877923,towase-kuti
b1a801ca-a6ba-4ed2-9df8-e737b393bd60,tukur-bala
1ad8cd33-ce21-4101-b994-814ae1163eb0,tukur-ibrahim
264be980-ccd7-4a57-a355-91aebb2a02cd,tukur-iliyasu-shagumba
7c08285e-f110-4b1a-a596-fa66da14974e,tukur-jekada-birnin
22e116a9-10b2-4395-8398-aa92bb9c9ba5,tukur-mohammed
5a5ed118-d296-44c6-826d-7e8e0d2bb4d6,tunde-braimoh
94e09865-c17a-4a59-a557-7355bcec757d,uba-titus-tyoapine
1ae7d920-810e-43e8-a5d9-e91adebcff80,ubankato-tanko-samuel
4e784f59-6922-4cc9-9225-8b6920ab17ef,ucha-terkaa-d
f5b1ef2a-d322-4690-b096-ddbf414c473d,uche-ogbuagu-s
0ecf717e-4e39-4439-a360-8c5c449c9de2,uche-victor-okafor
ca65fe0a-390e-4485-9f06-033331b0c402,udeme-j-otong
e2ddbebc-8fda-4d19-9b0e-0c9d1aaff366,udo-kerian-akpan
32f06ea4-93db-4ee8-84e5-95d01fbeeb91,udoba-patrick-obalum
82c985d9-2e84-43cc-b739-e6357d855452,ugochukwu-ezenta-ezeani
4ebd3fad-f110-47db-a07f-f881e2fc8c34,ugwu-calistus-uche
74a65e51-5ef1-4649-9b37-ab8bdf8b09aa,ugwu-innocent
31896d6d-19e0-4732-943b-71d2c8f478d0,umar-a-suru
34a7bc49-88e4-44a6-815d-80804dddbd3b,umar-ali-bindawa
67b976bf-377c-4698-8a58-f6b00847918a,umar-dahiru-jamilu
f47c9892-6ce5-4256-a2ad-1b22f8278899,umar-jauro-audi
2eedb7d7-46bd-4868-8582-69efca6d57b1,umar-musa-gama
b41d343c-c350-47a6-abed-1249db8a17fe,umar-tanko-tunga
5ea0d572-3391-4b37-9a6e-0cca5f07c2b1,umar-yakubu
9c81b71e-41d5-4e14-96c3-bfa1f8b32856,umaru-hassan-ambursa
ef189e0f-ff99-488c-94be-570f2d950ba3,umaru-salah-sambawa
4636839d-7354-4c08-9081-62cd7245f168,umeoduagu-nnamdi-dike
29fa6ca9-6749-4f08-870a-01bcf67c12c7,ununu-joseph
734f8ec4-b1f0-45be-9f76-c5352e021684,usman-haladu-isah-kanya
0e0ab7e0-3ff3-422b-901a-2ee47f3b040c,usman-ibrahim
ce738b25-ec87-4153-bc9f-8a9ceaae65bb,usman-labaran-shafa
51e3d524-881e-4694-a61c-0a415cfdda32,usman-lawan-moruma
80adf556-2c6b-4108-a988-e1c0a4bf0c86,usoro-samuel-akpanusoh
c321bf63-d46e-4b5a-a999-b3f59e13f849,uyiosasere-ekhosuehi
7ebc31e4-944c-4bea-b8a4-0c2737309154,uzamot-halily-adebayo
8e5a1d47-be38-44c8-9571-e89a477d6e85,uzodike-aaron
42f4b84f-f8be-4919-8c14-c49e342f2b70,victor-chukwu-uzoma
33ae511c-78d5-4f87-905d-734c7dcec826,victor-patrick-ekwere
f3c7af44-b978-4d46-9cd5-73dd91e2c0f1,victor-umoke-aleke
13fbaca9-279c-44c6-8767-378fa9156c5a,vincent-osas-uwadiae
02e0a46c-9f3d-4b1d-ab02-3716408ae2e9,wakil-bukar-lawan
abef69da-acb2-4c04-98e8-9462822977db,wallok-philip-goma
ca39238a-bc28-4551-b484-bacb67c2c7a6,wanzam-mohammed
72b07099-8616-4de5-8236-b3bac0ec551f,wasiu-eshilokun-sanni
5602cc8f-5b62-4cf2-90c2-3acafbb1e761,wesley-barhiya
7afd8a82-8497-4f9a-8d7d-6e78376964e7,william-marange-o
7334cc0f-646a-4346-bfaf-4b24ce31d155,williams-adewinle-adewale
e2bcb421-e7bb-4613-9432-98966160c892,wilson-ayakpo-ohuyegha
382be9b4-1861-4bc7-a3cc-a1530d757b8b,yabagi-umar
3ca702a7-6567-49e4-b591-bf878954eda9,yagba-victor-k
a1d1c465-a88c-4324-a67b-fde7214c76eb,yahaya-adamu
d7b8a653-63f6-474e-bbb0-69aff8d98ce4,yahaya-douglas-ndatse
43a19dcd-5068-45d8-8ed7-22fe607bae37,yahaya-mohammed-kaka
4e260552-75de-47bf-a98f-24332896994e,yahaya-muhammad
4a6f135c-9cf6-447a-ae10-4b6b270cfc82,yakubu-bashir-barau
962541a2-459a-4ce8-b6f5-5d98b28a2f34,yakubu-gambo-kimba
02e585c1-7e39-46c1-8f92-3b7367aff011,yakubu-sanda
875e6b96-3310-4973-ad6b-e9352f19ef71,yakubu-suleiman
10398012-d584-4a27-8f80-0752b35419c0,yakubu-suleiman-abdullahi
8bd2b481-23d5-4ba2-8264-2436cee3956a,yau-usman-dachia
891691f0-8e16-498c-8580-d5df4f8fc1f8,yunusa-ahmed
e1dcb9d4-0c79-44d2-96f3-9d1d41938054,yunusa-haruna-kayyu
444ed56f-a499-4938-88e2-a0c9b6a4f245,yusuf-adebisi
13f30749-7198-4785-bcd9-f1a8506b2a06,yusuf-ahmed-bulangu
570a5466-b518-4326-9f01-8814fff6d0a7,yusuf-alhassan
7f5b48a9-6a4d-44a4-99ab-f5de6fd528c0,yusuf-atoyebi-musa
ab71bfc2-f466-437a-acb5-d6b59d5c68c2,yusuf-babangida-sulaiman
450eae6f-2c36-4629-bfd2-824d33003eb9,yusuf-dahiru-liman
12a44589-100d-4c87-8100-e0422941b1ef,yusuf-ibrahim
2f17bff1-1bf1-4444-a89b-b9d77fce9ef4,yusuf-ibrahim-zailani
9c88d012-1137-4708-997e-7abb7c856a5e,yusuf-inuwa-dadiye
a56f2809-9c51-4b86-9d01-5a020d07d4f7,yusuf-mohammed-bako
834a8ebb-78f4-4ccd-aca2-be666d1b11b7,yusuf-mugu
3a15e964-9ab4-4b96-aa01-c19e091e9de3,yusuf-muhammad
00aa9060-f74f-4c57-96a3-8055cf94bc76,yusuf-salihu
6d4067b6-c45e-4e5d-9c9c-41414afe45ee,yusuf-sherif-abiodun
45fa051c-d248-4c28-8dd8-c05bbee1e668,yusuf-waheed
356a14fe-3805-4df7-9018-182c99424746,yuttisuri-htukur
55968ebd-f793-4d71-ba29-92e20fb83883,zaharadeen-m-sada
3505c87e-9d3a-42b7-bf3c-02838ad02dcc,zahradeen-usman-sani
0df4bf97-f2ce-492f-b135-2ac61de9f2c0,zimtim-sochang
eb8f9b2c-5d5a-4f37-82c1-f0e773c51888,zubairu-hamza-massu
